Renda,Divida_Atual,Area_Plantada,Preco_Commodity,Chuva_Anual,Inadimplencia
77194.41561476419,34167.785224857354,54.066347070162365,101.6629993955528,1242.5168073957625,0
36952.479674618764,2302.2785032517713,51.806807370267975,100.75437101521864,1722.4857899173783,0
75707.29946269328,8005.3682170494485,63.2217909093785,111.99308385962729,1726.4463758289914,0
99774.4822242814,24513.33176898065,51.771542243993565,103.86889394736052,1799.2737655148412,0
48869.17700157682,13248.48404996256,80.21640632307273,108.70272273340301,1498.35243144288,0
117442.11928161178,17679.578472455134,48.08118424887433,86.90403624920941,1148.5914728019725,0
70925.6781956888,28757.562447743243,20.87876315236548,110.79640825654604,1386.4691878586614,0
55572.96689629704,28511.77710990805,55.06835230647071,87.81353132873429,1512.4393394329452,1
84299.72361015232,11469.549064992645,32.59267216962823,94.13146796822825,1747.810995331338,0
138011.93796808136,20487.255715407446,43.594954450002575,101.01016450836678,1425.053095926594,0
105172.38828419296,19298.812890306534,67.35577250757355,95.11219683472589,1708.9600907993536,0
63185.308682854935,7993.854314667175,35.07340459540515,82.2740856241847,1369.026579948184,0
78675.09266471188,42757.59306745931,53.17099130169362,89.10612858103778,1070.256265834135,0
129855.069525214,1505.8953194248897,69.85764070597997,97.75066089018166,1649.527739382555,1
60574.88925001001,24444.987381944953,-2.4981392820328736,96.92696794638202,1096.6596504064069,0
129609.62585190465,16394.228153649055,50.693944000513454,112.00262980823375,1499.2148068527854,0
85792.50382604747,34184.07410812204,31.491765202627978,86.0377232919118,1256.3605259398557,0
77687.1507761506,20655.728841532728,51.80764063941485,106.03415839289478,1481.9252792552932,0
145755.08320030203,10103.74817100041,9.752196654381045,106.85720983566345,1927.1332221612336,0
163265.43256590868,17179.82154054704,47.3600222728086,77.70389781390938,872.9107200490528,0
81692.48773373361,35929.647715546336,79.14966396258698,99.06641918392958,1475.877196581479,1
111050.68901309432,23086.78340612203,46.49505623220175,102.34044566897833,2013.1274420312461,0
51602.71969718628,10680.93129358096,60.391397233310826,116.8181055639844,1914.1026915238763,0
103004.22062525645,14612.114313442758,63.57776307302119,86.89757405129468,1662.9075530171021,0
30175.9004277738,13802.657956571817,62.788926831533175,101.23123891683665,1489.2654188747674,0
103024.55502304004,17006.12906213263,9.521365432660716,88.86780146598018,1608.854591029332,0
66834.9353827172,40878.48912387084,67.16351760562247,97.8873426534028,1705.5034229442686,0
43040.46699932864,19830.57302133364,80.82505524835966,97.7271035414908,911.2655927507338,0
155159.53515409777,25520.56605548519,64.70012413449273,88.13237385609773,1737.320799780902,0
143498.22881860743,16416.57773014678,87.3360732219061,120.97154029254165,1506.8507727711615,0
136072.05281677848,38901.325860642784,54.68720899196542,94.60694265533924,1291.4918874799066,0
104433.37394940462,14897.937930370457,46.75645553444996,105.89117189844188,1498.2009951143032,0
86665.77420154343,9385.43632243898,51.84355911232836,93.00840969798084,1418.7382565762557,0
93108.53182922686,17283.744068214353,63.87898398817792,91.9640776217546,1646.91998119207,0
65248.99606526665,15395.495172101952,50.388653527627994,98.3856077725253,1862.6046463901282,0
119710.89364131249,17971.183749043514,90.28726485259469,103.79918077905651,1974.4280774160718,0
88765.02880922635,13775.768488667578,23.84742094223093,89.45657812319234,1524.76232939245,1
135517.12375152716,16407.90478825554,52.43873752207498,97.10448292973355,1727.2404200778305,0
118920.32325407406,33616.05611322819,37.424671033284085,98.71387154609383,1396.031318206939,0
108126.17960406693,17311.62319482864,58.99111085819483,101.66379584706668,1410.9778020776566,1
111804.05234906674,-6770.918060404449,70.53940694092617,113.72340014382821,1249.273087359219,0
104903.74107465707,16179.45911705352,45.0585826533038,104.63817894480685,1051.8729205213194,0
102078.51508284795,13751.402138601847,45.46842668526017,90.68940627009081,1723.457130911655,0
112587.24132014449,21180.59931665518,62.694568777293554,109.44331174151051,1407.3223181562075,1
91815.27191845252,28688.04576494532,39.251391725168155,117.61669160442982,1502.0409532683166,0
100984.52722326241,13138.95816651907,30.209244108628724,89.45088966604214,930.609092638996,0
115282.26279432187,16986.117394935696,63.86350257121322,95.92772136896585,1507.190900971648,0
109956.1796478576,7762.930205046634,56.034753222504214,105.92206833067239,1264.563979064191,1
142406.34403870688,17767.004714441726,32.67691231623296,115.65379487164039,1275.8221871620208,0
159341.07637931133,10662.499134996136,37.795815734081444,107.08528396173871,1669.4904078660088,0
105317.0704392346,20993.279120014693,52.43713714343186,84.3795054956732,1765.0134379350463,0
126196.19995559199,25580.896944034735,33.53718806652651,100.09201987260914,1242.711057880367,0
112543.57402608829,22281.249644177333,33.23108587024784,109.98061741293796,1626.842402284508,0
139615.34500388868,23976.92554012942,65.15705242382789,124.85808367150523,1438.0040634730922,1
76535.59774482227,16668.227164337168,14.640202680589319,108.51699507425867,1404.582673553069,1
152172.85283320732,29893.84284388469,17.22838036807073,92.04161575347351,1070.1899076208024,0
77569.56185072081,22126.45343939611,90.74125664636428,100.9365429671282,1481.7250942263836,0
71635.18844324282,26668.34436096075,54.447363846920645,85.917381617991,1856.200346035907,1
123546.26037111429,14405.230998256926,66.29759573963509,96.2129791319325,1764.8241325401914,0
88625.72921391779,25843.876401188983,65.75603968604185,105.39974630797138,1631.3246512331477,0
71218.82270861618,9454.756765894484,54.72985607195228,105.10033136942059,1199.6921534148735,0
100715.07485986697,17363.737633198147,88.94997560360532,104.95190602475846,1273.1669547534582,0
84228.10853698995,11977.072738208051,76.32402892183619,88.68941809505857,1616.8261527317593,0
105653.71434152249,11507.355135052365,20.649377165166996,107.60687937740497,1345.8901960943804,0
104372.56184178764,24519.920537129325,79.17411741628447,88.17310110871544,1413.9322610413533,1
125446.54478394953,8814.075162379808,78.4119389315086,95.76544106636213,1626.021847710379,0
112172.66189851222,22025.88305038726,35.77429879159011,77.49729163937087,1652.1072835374457,0
153510.1068476468,18959.123353435756,35.565620996121766,106.5507514698354,1987.7072222837269,1
62496.44728800822,-1091.0551736549314,66.88507464225758,97.61894954074823,1526.3851644693407,0
137935.75428874377,26389.081825370762,74.55941205130277,90.12512412381483,1411.6159440389795,0
149517.48072131426,24320.7307079181,80.92210673338037,95.50367492563083,994.4417332559631,0
55833.163192396474,33943.60329993372,39.684798289188535,87.94800203878299,1198.2999363806844,0
92266.33203422968,30023.624097586377,23.296918690086976,90.09543888313344,1224.8820209520584,1
67226.9149351005,10278.425206132679,68.08278149205206,104.9402726541625,1981.5097506253408,0
81554.77121592688,11812.954230203313,47.86612870088029,86.35702316494785,1929.3627323483686,1
111529.65803721645,14669.021559724551,38.64472213825003,109.32157053855029,1466.440696569882,0
93933.91159081017,12569.16868970392,58.242587531074115,103.86171676193258,1709.4380695132013,0
108554.46014966526,11389.707370827513,30.485916345694342,97.88893135769764,1236.574802479738,0
79769.08020600455,22403.494825837024,51.74495578642689,103.79284047560748,1554.3907982150674,1
94972.37731474542,24152.995033088802,45.56174701297267,85.39916387755146,1347.7258352349072,0
78216.36545964882,32165.971595458224,15.302784009106382,99.05084781243163,1817.523630728234,0
127229.97480437542,23066.44422859551,23.368176689970618,103.74598445074984,1269.1071972784648,0
111447.01536377044,8799.59033350971,71.26401460408819,92.65564874055886,2049.976041807192,0
90888.160277847,22667.575238567562,39.88904370579529,92.5280429645442,1201.3636936468615,0
78757.6450016826,3381.017380974772,41.5427049944561,111.4349089593648,1462.4033761458772,0
97297.43003670925,11033.021616412605,72.16045688181082,88.71523736897889,2213.8961179456082,1
131494.0786100937,31276.320411861598,56.08691474909186,105.62899430583836,2179.8396738673646,0
129585.52810446055,-13911.077537535755,69.13363804754636,114.78934797181455,1584.898444903972,0
124279.50166895043,26754.045356434333,40.98335463468971,117.73093650593384,1508.235229707128,0
97610.39150707655,7799.806771710308,53.80666168825144,114.20653339904082,1273.7077797286186,0
170332.78893012757,2470.5079506662732,57.21936735446709,103.04774249331412,1358.911652247461,0
115840.2327535741,17097.98192788363,56.86506431683358,97.44194820454767,1723.573195769194,1
88379.70771578226,6389.711337455201,70.13171991117429,109.36418725557502,1347.4093009846126,0
108988.96594310814,16485.71176313519,23.804290616565844,86.72915818484543,890.5392139955426,0
92361.7024077291,13614.235139350574,17.402084012400707,96.84896895212275,1764.702508795957,0
100810.04408805797,23302.90453128278,22.790119381380304,88.45817117406763,1456.5158100744209,0
90918.63920995862,13698.53919817095,73.28171246138193,95.92471854956747,1023.63619345376,1
121158.42634111524,13430.17455748131,60.4076737510687,92.04604424647016,1586.7656369377723,0
118554.20497426257,28033.029333101233,82.5902842965897,116.06588196845723,1662.059733307118,0
126767.52412279119,18840.471984602824,36.509443769737885,103.77916392163083,1049.9196751517838,0
105628.8649015556,24395.33493619502,66.28239673144608,106.9561605030436,1022.652679523022,0
81638.59432721515,23138.433648631835,-41.85791077259714,107.09912074877913,1422.700724589563,0
44838.01453378429,12101.550486884153,46.982810505532115,84.61470973332464,1075.8058522629487,0
117755.92132157573,41808.93161145327,59.893305450086345,91.18601030894126,1691.1189735273983,0
92109.40563891454,7740.192292397738,54.57285437057547,88.41919794740812,1057.9924175129327,0
83331.52647973679,15068.291397167257,23.37360763194811,84.11303156765588,1267.0252224280334,0
75772.94097680476,25618.071071432387,57.882198111113226,104.91573716572245,1528.0614805289085,1
120933.33373759806,10316.844200398049,39.62398138549283,102.1621175316929,1528.5834974681163,0
93724.85823728326,33636.32820403264,75.33700762849591,99.28861677690833,1265.6860782402132,0
118923.38946760111,23819.985387251618,77.66737959383791,100.85528681647588,1459.069461813187,0
94405.47592068955,19079.432361920102,71.30332364195715,93.73734974434618,1742.9181083036046,1
92557.01888443934,11175.99937279761,42.055926972365604,98.36538786900249,1351.2917610627842,0
95658.64429663647,17644.267843506474,68.23129584218584,101.1594038331144,1649.2231084137238,0
101078.53588035321,29501.41411440889,86.05826595695824,109.11355544545702,1591.4146473543021,1
87167.54192811235,8550.015557092287,58.85309116088797,71.25984675248245,1196.2393512146566,1
37523.6603925302,11128.722264103419,52.657463326597544,90.21380591669498,1994.6975384251375,0
107000.38411110928,16168.671968260582,48.274602721801344,105.08948773981547,969.0494527441149,0
112231.34433267471,27458.371706669594,66.48703186647967,84.83686238740209,1183.3694185228892,0
104446.26186670885,5273.290259998035,-13.178770341701636,101.70545620256992,1904.050463618968,0
123305.63355630616,26767.55381952752,49.54879973726354,83.02184473960673,1296.0415649336537,0
77398.6053447571,20017.801601944193,54.281045071150096,102.52477705135803,1546.1717957130586,0
124781.75681105921,14921.596278301127,63.991791554505326,96.32763331681697,2011.7138538229835,1
124999.5882630689,28428.155114928915,39.547447189626524,88.25663297927879,1137.9281089319954,0
95063.46002793915,22618.01881215966,50.96359929475369,105.15334401449626,1634.911709852814,0
119118.69420857931,23788.08565407758,52.57428483632961,103.15158437409852,1348.8297131540985,0
109865.88626184857,26919.45692059468,24.002683043559834,97.6802819507574,1697.752703153511,0
127731.11545820281,27575.412722651254,11.746702485716419,117.2101674125733,1286.2019845165098,0
115999.76216302275,24383.033412201046,55.99353122650497,91.43093572689278,1791.6321728302105,0
77567.88235053807,11303.130972066741,71.55124808258805,102.31110664633383,1393.2911590667622,0
135595.29937944093,11307.694443564835,11.122068727049545,88.88596625568677,1266.4552768885076,0
127925.71325910748,35674.55243864274,53.09263912606574,108.70489436986738,1556.219128514172,0
103486.91906146571,12160.280215171535,4.137601697091007,91.28359069586797,1249.4866346698814,1
163261.1590265801,4418.092336471373,24.643457288957137,88.06147057777441,1878.2842032975889,0
107483.79906269518,14252.846631881115,50.255875359759955,103.4498357034353,1326.6983102758804,1
114879.46517600857,20242.029547552836,92.55447993532412,106.32308659308435,1810.6932615962173,0
88408.8244230541,25621.056308781303,52.804148009474495,110.25215554772663,1529.834944367651,0
75517.36258882593,10260.138583067404,62.25236266216269,103.84464030074356,1491.555151296538,1
138202.33347507098,34733.48053609246,52.29709990852811,92.17931182097936,1842.1503872985945,0
64286.17977238518,28970.703341217406,36.217033804757364,92.28556909544346,1427.4077512075455,1
133081.5013731784,20813.734682820028,47.888776264812265,103.96719108781564,1315.0532031852263,0
81516.52073611645,18396.16556384251,61.378651199191935,103.57218142119656,1153.0541330048595,0
91062.63972709088,23568.66520260811,52.71339859742165,101.09971264839322,1619.5050525483307,0
144726.8277729159,20840.387026231965,59.911217559817494,108.3266596364003,1433.4167114572892,0
137335.22496692883,13434.781647227806,49.53608595737997,114.60778418755446,1265.8522023691264,0
148832.15227183292,13548.388251331577,53.08860876103806,95.21175804406582,1417.8909798558657,0
69779.86807671649,24709.253297693707,42.200492421067594,101.2746624100207,1688.8694491246783,1
80165.21673347159,21153.635354150505,33.06776818533404,94.400304794226,1350.2868721388465,0
98718.57291316692,16911.91620350653,36.80198177934416,100.92880654011074,1195.2015442987565,0
108075.41709254743,26133.06456204413,44.38156289232123,111.1178604942842,848.8017184507928,0
77355.52246842755,28521.02092259072,59.31574680337027,96.53847177011971,1214.8948389317047,1
129491.48368753733,3905.728659846154,68.99517583194427,102.28013310285736,1230.9780322822035,0
80515.38665859398,30948.483172090175,57.537855757738555,104.08177499069348,1505.451265871041,0
80108.56382883777,14062.790324051119,68.20547571237137,101.53747735695248,708.5470719315726,0
110737.57644679931,28376.055798030182,66.82244144095485,103.85800143873956,1123.0487146653045,0
102429.66353471186,7954.5127238056375,80.81736375135901,95.42676078986227,1734.1047387387769,1
55401.74788352124,29288.648565799893,66.52018675043512,94.70985568369896,1516.2125018130066,0
80867.1444803758,11442.76204405397,86.87160188965049,111.4600593002914,1420.7672179590354,0
49081.221813660435,-7275.647406787251,36.957173410732224,84.63215797861663,1072.7460590634134,1
119353.14173744744,16727.87677226363,32.12236454690105,82.78015906647137,1566.1329870988595,1
121558.03709387628,5287.334275293522,40.66991022481408,107.95251158018256,1547.142986176472,0
140023.7477377652,17274.12545283196,16.379669952797315,105.15652011393034,1885.8105276247045,1
107994.78041918621,294.6754380775128,57.589801812128066,110.3736158090569,1136.9249393218256,0
93000.09029186657,30548.5711494841,86.32584052028618,91.05559941683626,1790.5450922168536,0
60962.66442212121,17638.0576245353,39.04175612142305,90.63096075313831,2134.008529123278,0
102132.13682977538,28557.59360495707,55.31486985980325,84.8653581034806,1174.7429245319295,0
97525.20843544976,11683.064216437913,34.458370811160236,95.26381271713987,1779.1765269134567,0
146026.30396317338,26501.162498973186,41.009773420010745,86.8532801108676,1078.4250137023585,0
130268.98479528214,26550.561827127876,55.979969626515555,92.94635417287287,1592.2097909703152,0
66336.44027972093,22990.13144394431,63.6281505044537,102.568308600103,1776.9237298740536,0
90296.47833307441,21981.714615654942,27.530254812831878,97.47369954353954,1422.5321600962775,1
132078.29464467618,16814.217743107798,4.555949907410678,101.6690815789614,1914.4567920189102,0
110998.45936757998,19069.055313479446,56.356910217422154,104.6263249299889,1047.6709527640608,1
47645.980942933056,26300.118795621078,69.91155105517865,101.74161113301493,1490.1817960218561,1
121116.84249797586,14658.519673634062,74.27494760907098,88.92607056354403,1584.981103299846,1
101204.52420850241,19427.09263788426,36.13954663117666,103.99872172608484,2156.344332772077,0
34227.84986891289,21416.7630551307,46.94292983500169,97.87895149059484,1353.6822948696167,0
99531.80350319309,7185.969179312318,102.12900204850114,108.00768939467665,1109.0351720642557,1
74896.78881658704,34978.61710863216,-0.6533483139342096,80.90013867621899,1614.3741650629063,0
60802.591082141415,35860.26321270531,67.93631823124109,101.88841108825822,1381.4094677216717,0
144852.52059427087,9498.312187255511,50.54084686538546,107.23079594991044,2294.667290722613,0
65039.14699033011,23018.923678111212,-0.053162918242371404,129.15339552900014,2292.415957492198,0
103089.31953952288,24236.96873688763,72.17888805127124,85.51325361065176,1913.9899091802768,0
93434.47161589636,24861.189939793072,17.458445737275227,87.13075973156901,1095.8028671242928,0
85864.04869669172,8902.588464032706,23.280820468072875,98.27959144080754,1427.9337043879677,0
84100.67763811926,16501.914915595673,32.23372781811301,96.0818019247212,1750.0513947601949,0
154395.75941842608,34807.784768829086,41.942127916945914,91.65057308492423,946.6178642925046,1
82667.53746580775,38555.71825727575,40.334373842980895,97.24151173781168,1427.3802953154116,0
114439.01158989307,30634.063400329625,37.89647500912119,109.34541659204896,1656.547683731995,0
72483.42755646625,20959.322403312744,67.40801920924537,93.67675556897791,1116.4389775469408,1
96781.48342652242,18383.918113809268,55.286692554850106,88.78911531105756,1266.0939642679423,0
89769.5627145714,15602.532559926207,23.128248334818615,107.46913861040522,852.1825854961282,0
61576.58005648872,20757.970266947174,44.717163281594935,94.51259593977191,1284.4589075450438,0
110089.27251420925,16373.161232426948,37.68965489584825,100.73908173959094,1120.4486577963842,0
115481.0694308875,19379.158747212747,75.0281021187356,106.91375716728203,1558.328186797224,0
93299.42899316957,29661.44315743445,31.69625834217741,100.17431623129251,1052.0024903688754,0
116512.39061756483,21816.01196472543,36.68374022184151,89.7175768627973,1654.747099828658,0
104069.77710039774,18921.252842620524,60.204585166607664,99.58912931666455,1470.764853824145,0
127554.88769270341,18281.22294732606,55.58150363229555,98.42594190667495,1673.018753840095,0
61779.40571590025,38076.31926358115,13.238141736093581,96.35487868400261,821.3920368292719,0
116065.69045322842,23391.2415488691,70.51518748391217,88.77323607346649,1587.4480616469002,0
84054.04999513246,23880.202688095305,37.833283488146606,106.96354795644051,1787.1383626638258,1
65277.98305160616,21400.529694297624,78.5412166875012,98.54876962195581,913.5246371086092,0
80030.69563375221,-4862.233416844003,90.51295820684356,77.78940703329818,1381.7253689177796,0
99913.42640516868,23607.230768891444,52.29253615954048,97.93864610458273,933.4529200191045,0
84783.50996959402,23001.7252406761,53.9453161728877,104.20420259321794,1518.8536900638362,0
97412.72168308657,29382.875479690192,70.22298587251906,105.95119676220764,1668.4339472420947,0
149308.10471967226,13452.074745445912,56.99942396207607,96.96601159084939,1625.5750856542609,1
98461.90663171814,15237.229661090274,64.15408427100843,92.0834971665234,1390.229824844508,0
69172.6580156301,4144.958215335728,52.58152790084509,104.75953916424268,1158.94446084633,0
81132.66958384053,25931.804166258502,84.66534754175768,90.47319658077285,1417.6391235188757,0
80447.26459540184,4101.64273572483,70.33378909642676,93.82471976985697,1768.9185057605953,1
102201.66918097135,16587.82128741293,42.94089319268915,95.14840509907893,1166.3012738784357,0
143309.042804769,47263.721718740584,22.666211393017335,101.41772213341237,1748.2095759739577,0
111953.72210741369,31231.03122822701,79.29852487256136,90.22955823334027,1374.805359113902,1
156450.82179713564,34509.59920517706,39.483649342733784,99.81019869801239,1566.4083837984867,0
126438.14540577811,6065.082791787969,12.380735184021916,101.33208073827976,1269.1103793881675,0
97630.16672925754,18298.375835467945,57.29350720153762,106.95138334758616,1370.4263750745984,0
136044.0919767914,15835.933244318065,23.13560777547222,94.46664399596283,2184.1670561623478,0
102235.79615620268,11584.07952742034,28.107988450459146,102.12250054721206,1405.4096286784054,0
61312.49227044109,29159.62212676076,40.10322714468221,93.94298795397803,1043.3157834453557,0
93846.8919456853,40105.230464864275,33.65789795021299,105.42574795710044,1544.7251740756828,1
115642.04602506993,9571.078921574559,70.88986245390878,110.96959677037813,1251.5827974416352,0
103491.40387125529,1970.7438490577406,59.96320209361192,96.79457007857064,1158.2404655598707,0
113009.2600219819,-3029.0884481427274,56.94524909168658,95.30503578936012,1894.46622520277,0
70792.54421643162,20548.08583754192,27.386511102129578,85.35299667798438,1684.3273643750567,0
22047.704823278007,19676.35151115328,94.00698284101293,85.26435063493565,1559.7736076562564,0
141491.81918404793,12129.678825382533,70.77028700136337,92.6263789086324,1848.4929087999128,0
91169.38200154467,42978.76578978704,43.763892987074335,97.59188008407558,1604.6327628232273,0
86146.58748223931,13825.242542558804,18.79210294202926,104.62276739062449,1498.7790542975617,0
94169.38477877801,68.95185431537175,43.6128730399833,109.40891790509605,2143.6846856852744,0
97662.00605397877,27179.788299175663,35.77846289596701,95.7940420062427,1314.8519038168208,0
73267.2820548683,22208.702812629315,59.191330487645274,95.30933435925536,1621.4675623946187,1
100517.32164475592,11745.861776145674,76.23066944554328,115.51145109956663,1612.7833909575422,0
92701.19505395113,8599.196084730582,30.763244669146246,81.76802093756403,1689.0451949424146,1
111283.77478716095,24618.96149576507,42.34745553793036,111.04056283564698,1590.0137066044574,0
139046.96536310445,10010.681917334332,68.06134757094738,84.34706647043058,1512.9237540039535,0
109245.39328493981,15981.071582904595,77.74637942994892,98.99998717929212,1548.0457391323876,0
131464.94938263673,12662.948051045889,30.78067943717094,105.73375975341249,1180.5988422545845,1
24279.774402406256,28426.18607778391,54.92749296231416,103.52307204883881,2048.036907114419,0
71581.17667449225,14730.844446466981,36.58272139720868,97.49764426774468,1212.5936997234905,0
127603.78105158526,15294.279675605347,54.22737480890663,99.0316751644368,1758.0410712525472,1
101932.07338372644,27928.31815009644,8.436097944095962,92.4312711793323,1424.6903007499493,0
69602.72507375629,17509.938881597085,58.431916058743866,104.85693714221,1924.7861345998067,0
114914.83477877323,-4671.816513093039,39.574126164100925,114.80654930719365,1579.4259468517237,1
79491.5430066709,4898.449360109496,36.76540290998266,96.79322290037899,1587.265501976763,0
119041.35164398738,4505.6894781465235,88.74458037464711,99.66778570949748,1985.4322047663488,1
67314.21518387493,32176.109352341427,57.336821891934676,80.18420905392554,1535.7135220891103,0
57400.29984690285,12787.28713258664,20.203727201053535,101.69309801354731,1190.294700966545,0
87651.83174564845,17178.886847780555,85.22154951928535,121.37681671908544,1238.3602696953983,0
100354.15110172598,17009.993068720116,35.24677886479168,93.65739563972566,1763.8233479622554,0
88570.73117082234,20321.117775806233,78.41164152560756,105.6078933958908,1623.6893754449425,0
110342.83871183911,14454.28545420396,65.2609831493989,105.11471659829635,1628.2653269048942,0
94523.84097860247,16240.49136057643,41.60266677107196,106.38105020425654,1810.0391512754313,0
79356.40436099912,40498.18839074426,3.8772018907433505,109.53165162208732,1548.1710515873253,0
48954.05131382514,26227.47744060358,66.82077611533653,105.30959496487442,2046.8990333138504,0
115614.63520218381,46630.43584697123,72.38324467787027,114.439647307532,1406.846604681856,0
62802.815051367405,20180.745089795168,56.899766081233125,86.21312570089587,1056.5901472834798,0
104520.3273043589,19602.31001093647,6.115370233146422,97.83332993114757,919.4368448586462,1
67236.12807533788,28909.60856231337,24.380610438761657,107.96792170422341,1571.100218788113,1
93856.87465923393,26884.35520746224,82.71695883175983,97.59397261791392,1696.28462263843,0
123803.65923431699,7315.905130232279,55.973558520806314,115.83951330186048,1582.252112180323,0
79474.30012578782,25441.63752041758,78.41285102474144,95.82352468711431,2021.970117213551,0
105602.12230386262,21512.729440324674,37.202047128595325,111.73753315906092,1874.6322562350847,1
64140.77181643517,24390.38878472192,58.850301904837515,88.30299820879938,1405.1645302936683,0
112832.4524369166,22115.691106675804,43.42404599704924,101.0973053721401,1863.448766348724,0
71805.24811151877,32454.217307663694,26.227770363601245,92.75219046515167,1660.0922503698264,0
93188.39595906447,14815.580236289337,25.441452938009775,91.39553626492092,1478.829974505348,0
70132.66165558893,36002.612980073485,46.251813620817416,102.41316254051502,1691.646395771435,0
69467.8304736228,-6177.930502213745,62.47105959302744,121.61491111778209,1107.5566293766396,1
64441.246248604235,25956.747721954358,30.89075986050061,101.3214123207218,2025.5699651877314,0
125383.48820126907,8683.351940444103,39.67002144090834,102.45016847752775,1852.3617452149658,1
63672.61484033269,28811.762328302008,75.83262236734848,80.12105552145826,1458.4382182861839,0
50208.48452443766,28670.519522031824,59.4439469575698,114.3049892687263,1544.5394011186545,0
92814.08667379331,39271.63696810622,50.482980728197596,108.97204822181294,1731.5562171919648,0
86506.5931848448,7471.860141258852,60.542111360561265,80.85794057975389,1496.9896809838579,0
54871.86520917615,18947.00386795303,19.329534386146996,111.54647343721103,1692.6722961181495,0
61657.29029108273,9957.801725886999,53.8239659370826,91.68083646005724,1436.7532916442224,0
68481.90233733933,9124.329776302586,62.04630780181326,102.50120449888493,1703.4837808828743,0
111504.40063823198,22755.1597911758,43.039579599026524,97.60116251326164,1285.555387317373,0
37403.606674438604,21847.01102286585,37.29482336346021,102.38306977972789,1201.5398546858771,1
105524.39213900772,30517.917085121597,2.8106158520788824,93.13581243679494,1445.803294949655,0
102765.93179137968,19601.40528622034,67.839384801764,98.90946422278954,1242.3936837495767,0
90533.54245086058,25524.357898391172,52.532574991532165,92.77985017569084,2086.6866451831443,1
100428.75792581761,23429.708319509875,85.89443711920339,87.6620717466884,1662.379523808199,0
91348.76699862521,19887.475530212996,69.5749199145632,112.77898548981766,1569.9886264928045,1
53452.73310721664,8171.111337610197,74.81008960301403,80.25112229148671,2229.7502146586717,0
124200.01732864513,15267.97841577727,30.15446580445267,99.97798474999296,1583.4747757017178,1
72036.54899030284,20782.922839495295,46.47793278936539,102.2838631912842,1902.6338615568752,0
96321.63955985989,23329.22123896816,28.976976545673033,116.01693551022268,999.2503089484168,1
105789.75205477643,6591.203614917658,59.33053838768123,112.93911843335974,1160.5738774652184,0
90760.83556946303,13634.192840975094,17.16822220690961,108.16215128642892,1833.1053755462895,0
63542.0641066411,16662.284301469746,54.5254211530535,107.10809795767618,1637.5030283413118,0
117927.8240317936,33985.96352254806,14.928770511424645,89.45053102016236,2029.8211114246171,0
117269.98391928419,5692.219946977051,61.01708835367891,103.9954589521769,1324.0662743662242,0
74559.90010244236,18289.79596848452,101.99744114500166,94.3882404131317,1686.1749963761952,1
93945.79891836549,14579.060694350086,34.957782746677715,107.60982853310338,1647.4333978571283,0
90128.81034340424,26282.335263959303,48.90984827801507,97.63991034407354,1450.9603913325325,0
88911.64308477477,10002.935732755444,9.84416868983,97.93535780051717,1642.065744779375,0
96740.55248777125,10191.476666982702,60.83959241434305,112.30359267034083,1797.1919545258513,1
108560.90902639813,21099.398119095775,54.798881568272535,92.44369036199919,1433.6303562477065,1
71347.86601188511,42612.35106475521,30.338585447603194,95.86222236050938,1513.0136158193216,0
105041.68552824201,31711.43635121485,47.21201523069072,105.7182568414794,1006.4923865500375,0
120714.77781859142,9861.659725545736,34.61653309706721,124.86049147308023,1228.661332828894,0
108512.8069201458,33148.437955059766,39.514332783091675,103.12769922908778,1474.5246222079186,1
61591.415975369215,16031.477248504887,90.39431958616899,98.4977312453058,1886.433057845635,0
123438.50611404862,34018.18395136189,56.363147176303954,91.63404157117013,1555.171675934825,0
106193.49662519337,18827.156104891954,68.67756898167809,113.35879135643479,1162.2133328270847,0
98178.60564969601,17829.979537829084,70.68536083512971,91.03988905728724,1771.8517516222873,0
102215.62613545478,23915.366833695596,63.07127717422911,86.72034402030496,1593.4042769696298,0
83891.27219603017,11786.478336821629,53.80690797660976,102.43449637462612,1623.0078156115728,0
151205.6671573406,36729.067710057105,59.26585117848777,90.10425068964919,1647.3579842994588,0
79071.50002251097,21244.13478361517,79.00856566169028,90.86602284995692,2154.5913872519113,0
143426.08535513747,14690.250948177116,52.990355756868,98.95746701574458,1535.6775462157432,1
106445.78199640532,15003.518770355206,36.81235010640059,89.40773818399731,965.7414648025726,0
126762.72639946878,18564.238127537978,51.69895929225033,110.49460286936545,1141.1358222993106,0
115544.29265220166,20637.32412988268,53.22445183621,108.99372379747935,787.9559225694702,0
145012.90447553602,22030.36988622235,18.65218485553703,99.07599701897198,1788.2248402001703,0
84840.97452617655,23668.939188149216,58.71270533558672,94.14169132014798,1577.8895170265346,0
103605.03046086816,-6510.90442622601,28.589398320256052,100.72833429266483,2265.3148124608183,1
71319.45887515393,7258.167862896666,46.23617471794466,84.52897099155727,1821.4160927752607,0
48098.1272800301,31521.052989060743,60.09452922802949,95.18873084678935,1690.931090266119,0
85812.35515499116,38136.602719796014,44.50771699396347,104.61131872178407,1636.5521082773987,0
86567.36113141467,12506.302972244868,68.63804704964036,107.31977321877696,1701.3430380152488,0
42041.38166381174,32173.368209972814,57.761483819064125,101.42630936531346,1840.98327946575,0
80539.4192412107,28643.416882006233,71.62639651448083,94.64502143695645,1560.7582465932119,1
78451.57932452636,595.9735797876165,76.39895706507696,98.66405953761395,1871.346194458024,1
75790.04036666347,19037.756565924625,46.76072617505053,99.1452064090849,1867.5971147327089,0
118419.64308110146,17190.29303834587,67.0037153922625,110.71255832586516,1623.3156711971064,0
122582.2520759561,28904.218214154484,47.756996196417596,108.18250933385482,1716.4006147531459,0
92382.23009030608,26981.28956201705,75.18260085250951,107.26997927034624,1129.882643861861,0
102530.8941206934,30033.251332959753,21.73282809148967,117.2460336682384,1596.3390105464578,0
95984.1031768973,22418.753688420227,52.08073145345817,101.01731820380385,1514.2722130919517,0
59515.25499350149,26258.504671861454,104.9830973892124,94.02447293084325,1218.12382399463,0
66087.09930711094,27209.389532774057,1.4050597501545425,108.85137287738156,1633.7129352308298,0
84010.34649000522,17059.774425150106,80.001766898944,100.79178185269949,1954.9031962018985,0
99892.83695368309,16231.103419800244,13.251087572535042,92.22759068068149,1531.59438713666,0
30347.468989089102,19184.62281374048,78.5386637818598,103.79451448867695,1448.5329680327452,0
86615.84219260541,8759.012393793897,55.05246409753644,96.48888438480195,1545.2915314647257,0
122535.83312153956,27348.855963882877,77.18174987673571,101.11163764909644,1649.4330209302245,0
115576.23497720936,26740.48772265422,46.46144686269615,105.92380651015658,1587.4236885403113,0
138543.6276850681,17350.909454829693,12.75342054932252,94.45484812940258,1531.767444624252,0
88690.84092035813,15217.359774399161,23.48356736538119,105.17983390054754,1624.7517870397728,0
165660.24551598978,40962.71619335541,64.0893486890476,79.49906186131466,2060.8366217548887,0
107096.32651725133,14076.750081551641,48.408068196275835,117.66076868230437,1497.8895456162659,0
74148.71946564614,2927.180902414202,60.383642936003895,111.90985340034148,1418.0968907780432,0
71825.02459265865,34198.0977520422,51.89169163786513,109.20669619751371,1017.2435593430448,0
78295.50867339608,26676.547631557016,79.91679325369014,105.40924049174737,1185.5616042214822,1
109132.71057582682,14465.418494825062,58.37662780067018,101.75992601246615,764.6693077082283,0
59146.97067773278,9912.574499388174,14.074119065395912,83.14390878289032,1926.2437766325882,0
107940.93013816995,9632.757452550266,31.193790087211863,99.47909941816873,1194.3232088128534,1
44777.637667501025,21964.99587715703,55.845515705568346,102.67926769915766,2073.4590720742763,1
35713.95062206906,32433.001146138642,55.952032583611235,84.83790808383849,1396.5791326462881,0
103473.3570245688,23666.407664517126,73.69884078169517,96.16998538982895,1714.4409585561318,1
134832.9064553026,5474.038135066921,36.715051721307994,106.45895726747928,2342.7956886326333,0
109005.42156577599,29107.80091206226,50.42943595357703,115.85386197555005,1714.411298290647,0
92602.33343062803,7536.697161771368,34.22314289909526,99.74449264546949,1695.1895173746695,1
129576.25139846478,13536.46699934758,54.42118167874948,102.27334810758477,1278.653931741156,0
75522.88392689591,24147.8604288658,57.452836242321055,113.83330850323854,1768.7856591869067,0
87064.38282636835,13935.009847317342,84.91370791990582,105.51981487132454,1577.8811198810633,0
103107.70528624734,32823.519404563696,43.31914849981446,108.85458876236885,1097.9570607917847,0
117083.53897444785,9249.704872494054,37.99748710508605,110.04489469849047,1230.1420164530887,0
144869.05475696223,18230.10733056628,53.22461527180619,67.7496741638644,1024.6671440278324,0
110870.84352374352,23952.547049835535,55.361199758226036,96.0136970572795,941.6136344391163,0
144404.77291612694,28790.808391549053,55.076043652234056,113.47882330313166,1784.042403232177,1
171009.07173132373,8729.016767658906,25.596414822809052,94.27913269591821,1538.5061791541789,0
91516.6600323563,2350.236830433303,84.49878558031307,102.82405735343393,1536.8425405124055,0
69456.70579764195,36702.34945732624,1.782102129938174,98.97103574101874,1464.5167202449852,1
133483.85203735105,39223.993560245755,54.94752486529557,96.14644615072446,1796.642102954471,0
105295.66515139418,12774.627101762631,99.07546427080912,95.38537829324933,1358.437430771448,0
79394.5896352457,-4893.777122996351,35.69893611393767,100.44362989494778,966.4838734293857,1
125337.0312203845,26715.55182432428,71.66728178753132,96.35973272163453,1340.8973260606358,0
147405.18951498228,19174.098801662454,36.823931538389786,98.85311461055795,1588.3443421923419,0
146433.43435837887,27058.670718558267,45.37333441501593,98.18256804147863,1531.095330161272,0
96092.08980196789,14687.295625941653,30.80943074456546,111.39039905081012,1014.7588935620167,0
82226.3036702389,8437.18902581025,34.17397157573436,83.52977806491356,1689.4045360940038,0
77025.10191782382,22936.218964857315,77.27013039032175,91.34031774866885,2082.2010232337716,0
110457.5247008169,5884.292598098027,29.79768761923216,105.15610631488694,1665.5318830435049,0
108757.23216800462,23364.52774209663,58.00110163535156,117.55656812093935,1917.3420898978593,0
39166.875877072096,17829.770695933745,16.447822633670143,91.38102073854267,1488.1194147652482,0
56932.759913990856,29291.98917336799,54.41899704743604,108.80161391708126,1462.5748278334513,0
91087.21823319879,13158.628410430392,62.012950795111905,104.74355834018722,1304.0590755860449,0
117396.93138688289,20089.72623890774,57.27321988448443,77.22997624909029,1635.5301822794527,0
98678.35849627365,21239.408926614087,44.48695069850749,98.89116723436221,1655.70165852102,1
116978.52134591925,17552.60963753605,21.943391709943153,115.7485644524914,1530.6111851275193,1
105327.26962324149,31993.96474791819,53.83237845676603,94.5868533125254,1444.41909424397,0
116701.37905552138,19085.521965427553,39.34795652420127,105.24680376002186,1676.212684914098,0
66364.50981997524,13687.949579482498,46.52316092440945,98.44885819955512,1895.3065867948637,0
166908.90842604692,13890.29695148804,44.985702137933764,94.69487229460265,1467.3616842977158,0
56617.32028991684,27595.260552325613,68.70996101755605,90.62196402384632,1888.1712307278945,0
42107.02641954404,12801.733316378766,54.27810148825856,105.37796796166992,1813.8514939943952,0
100828.01459696157,-1164.901089989733,26.867426225772615,103.76373640618984,1331.1251447234988,0
114836.35623511241,6881.85761037822,44.41237917860437,92.35260014801335,1614.0140864677287,0
93438.66056380731,19325.089290989545,66.05403898643392,106.17291772258353,1298.0662640882013,0
67025.27189145886,28863.20506903054,56.52258677344186,76.71239347496274,1435.7022740522896,0
103776.95254501274,24707.741808530463,50.95559584027774,107.5292589995612,1544.095785127664,0
111576.66955909706,30957.482218844445,46.077249837686864,99.17571990040838,1717.6816904311402,0
107900.2736112839,34837.89440002371,37.81472172780949,104.42192316551409,1809.931951011868,0
99173.31484903753,16945.527260280054,104.71428183194229,87.8294453582584,724.7703058994202,1
102430.85480589018,6829.903174422045,67.59472429932518,103.8877714464983,1657.987962079896,0
119435.8642959786,36131.31226054065,72.42659179872504,83.3722500441717,1609.3308006464501,0
116570.52356023472,23483.58591802996,44.961973050558946,99.83541011392202,1955.365272120522,0
140116.6459109762,4121.679144345337,61.15858056883961,90.26974558061139,1670.447523650597,0
125861.45210486584,10874.5362216734,47.80466798278249,122.60661790019788,1697.03923133071,0
51475.68116350994,31475.97285077963,51.70345192230467,92.25074020799205,977.042575701512,0
69120.2479934457,16718.75591395815,50.00369009829038,99.96408515097913,1439.7926811346774,0
114413.81446261305,21619.300979288157,30.40626575999527,100.1253361040336,1589.4797240963221,0
67428.7538094123,23383.234474235265,63.47040275060928,97.89057528532118,1149.671653311955,0
46421.62364785814,11963.39982170894,24.997093135810026,106.36382680993533,1723.2503247636887,0
85714.71325577157,14730.315228893665,56.325064766649604,88.33441222829352,1968.2282620255698,0
150230.6021314899,25690.089304078516,34.13982927217391,107.43070453297572,1708.5819975365437,0
50158.890340983264,16266.189387439994,37.50994172994606,100.67268081641699,1484.242843499493,0
117656.45952117784,22555.188046174157,75.10726044806432,97.37097881779442,1207.624910210826,1
116556.0053012821,20704.254781764033,51.47028464672749,96.47067778202003,1669.1001904521734,0
92927.54658677845,10219.051846006754,46.86546565132822,99.23461355007495,1357.567150082416,0
78411.4341152997,25865.758606396135,39.74547792416093,110.08947965033028,1325.8295155526844,0
144890.25267269698,7430.890148579194,59.501736694572315,97.3609860709261,913.2441921849695,1
108511.04330542345,11169.059612946132,13.573106675594104,92.96397880261087,1620.5817244532166,1
153567.64570396135,12244.205301556627,30.71610765586389,109.87568255510759,1290.2808751692232,0
133463.1934854549,28461.24082824694,55.300877337731784,113.08996477437435,2115.6158937732794,1
16719.04469127966,29230.202755441896,73.23803593642891,89.60837098779643,1862.909231519367,0
145204.36600900616,28162.480528263193,38.18424700358303,91.93116907853991,1516.8447117040232,0
130752.58262348516,24002.270739349053,55.96538853723799,83.98407540309098,1845.298803370747,1
56733.12677281961,22138.605106064922,37.187249560173704,105.16442528840217,1806.587537491545,0
113857.09557901708,11756.329582182676,19.81108538147826,117.80677414735277,1365.4379284187287,0
27900.595852886923,29254.860035537222,104.47512131394865,112.8629350905926,1047.7130494504627,0
25219.517299147556,29938.990930526365,55.2171429851884,96.97451483718153,1853.4491499992532,0
58468.320703101745,5252.38384700819,69.21268478880774,101.15830497552784,1820.034266320741,0
53138.93253416196,32683.666504418954,42.23704494510801,89.90083438626314,974.6974934652213,0
74469.1899684433,38477.78014758123,43.90556437836447,112.06791974413473,1543.0452582226442,0
91558.43295782937,52377.58936064567,35.873876075623265,114.6058985941814,863.7119184044451,0
137746.89268121173,11454.981690799867,48.61579153946768,97.71439363306085,1510.4081248290436,0
57333.185001288984,25695.504529702026,35.26962896222009,100.50332319276507,2042.5549968708676,0
85342.39146308435,19524.238545777676,96.46948570456877,86.76081462043183,1334.4699666930192,0
55145.410055899214,30687.774076859565,65.63990686970563,109.98047227061375,1514.784039927807,0
108539.13988706304,13339.396275897492,32.23834034484294,93.69648761045549,1745.2132979510186,0
62152.46519085367,18054.94749443569,99.74944398187914,90.28347843349513,1447.8423948926513,0
94911.09271866265,21398.14750496425,31.642375998353838,104.6072793364572,1058.7537304627895,0
115331.33232569667,16820.185315421622,35.125409905423,105.62889243257928,1736.1612486382614,1
121491.72818163899,21918.910472318523,26.054001794488,102.5195584993294,1587.640049659685,1
84291.4594823645,3294.360882308574,34.312732461043396,93.98875787439782,1594.3486426996255,0
104115.1271465578,34506.26037806511,84.64776371711868,102.74547923727975,1731.3699657728066,0
101915.20139732544,13171.802633499941,46.343282475337624,90.97224605506396,1320.4300221692515,0
105291.25689334389,23686.45224935869,54.29291416087137,108.3267041758494,1619.5986961804692,1
114606.76917159194,8323.357198626994,31.028763031160107,97.50008186122031,1388.0257797674712,0
117389.4821504768,31053.90303044206,44.15149112024905,90.75927509025745,901.6031144454952,0
92641.57659970935,12930.829986063887,70.07508582016388,89.26752577139085,1948.4716559803883,0
133399.40849213122,10389.521136092108,34.3948124703502,95.55130166593304,1452.2503871304161,0
132659.33475214613,13718.833337099575,11.898307661689401,116.36549331294181,1199.0938439395436,1
102083.54951586216,12022.980915909591,48.10110275743999,83.16954981855166,1603.4919067380965,0
86840.45433902886,11389.01299694335,95.94335669894804,100.25601206632075,1282.5721763067822,0
102016.42675176343,15090.203747743046,47.88966892088625,110.85979721565857,1264.3808150847735,0
122326.4142215142,29268.071268047206,41.79000454131063,95.49105397396595,1518.621487383935,0
109556.5976689154,18365.463257684416,39.53445481366374,91.8640810916418,1281.1222804544727,0
67252.00061876627,28580.36372438627,22.13449844501833,91.44901752866659,1690.288978858238,0
80249.66734691855,42302.77992624873,33.021031740797724,99.82485482405272,1771.9953416052608,0
180713.55080407776,19561.6980788761,69.7335953752673,111.01519203254682,1766.6382896251005,0
113924.33384117373,31279.921296631557,71.80354550969821,116.64722228352119,1489.1860437507546,0
47693.376389365185,19509.498545104,60.914169179893555,100.41564264739463,1248.9508940190833,0
65879.44501027011,24779.48746814062,16.783854886203386,94.33629334273581,1527.1487668604161,0
131497.47621504747,12169.990658260598,18.12364302861072,101.55092460700875,1820.576470411786,0
85524.23481345325,2720.6926601892774,29.46227553271366,106.24369489313338,1792.3560746471683,0
104532.40558490923,25524.975964442703,99.39770212161935,105.41885582417942,1357.3962638629682,0
91247.43621351647,12960.487192806511,41.62646979217477,97.96416147065048,1640.6155431040534,0
108185.21959489898,18931.635699158083,80.91764944489441,98.41691935820039,1113.4176269392742,0
131139.7720551137,24357.512080020937,52.94495542899821,94.26070829616616,1845.6068576320997,0
132063.85383467944,7044.7206825386165,44.019072237892885,82.09029869904853,1668.2767621668172,0
86242.10619511586,14938.45209409378,38.250515352702855,84.34950897617205,1472.9379795700702,0
90879.03879316016,15582.09874654796,48.305347876649954,108.323783030974,1817.2770035004999,0
81405.91146697511,14726.222652292869,23.751124634703427,106.42137825271814,1178.0013489212333,0
81226.73797847482,22479.223477798925,40.23583260761126,111.91735611422558,995.4487353534632,0
52093.82990482024,18964.248855543523,67.53408961756023,69.21891480818991,1303.0067100354195,0
40060.83970840471,29415.087794713872,55.56190631024852,93.27018685632432,1496.9221132914413,1
103618.79223735035,18263.44930512439,49.36325845989049,108.32233337081321,806.9087588449114,0
89642.56325256132,18767.17667185515,42.08141325634236,86.58650416574207,1712.82092017912,1
113529.06082979782,12162.38497262675,28.071145621137312,86.98998746336665,1673.2581895007272,0
86457.26696727336,27397.09243720809,41.805625267988994,99.31241570947316,1649.2561854479432,0
110257.35489195089,28935.409390023917,53.37314374421921,105.49984790136037,2242.594240745792,0
126557.13990430211,29638.1238889925,37.272985468947866,89.97484537609655,1747.0093572948256,0
121746.68904351466,24651.193243715996,26.434277024911403,93.58160672986135,1185.5565175274014,0
99849.68847546552,23103.652507356273,56.891337135049866,79.36764555007883,1467.589338578074,0
52791.70810383153,28274.481481453302,86.25684354865092,97.41806498054184,1571.2280978193469,0
113485.54690704873,12835.023422478866,36.069876497121996,96.52611746452881,1548.9001914588455,0
75175.814457436,8127.629566604182,42.822784619588106,108.03441091515822,1365.352378091419,1
93186.8482814912,32065.545879415993,57.05663324762328,102.78404412462602,1428.4489658507168,1
125948.92791353834,17111.157126837137,30.096080944468863,93.6188600633804,1067.7560847865168,1
93861.3333680163,2410.3215170677468,73.50229873419268,99.40574687004113,1354.5841078732742,0
66790.6384821859,24539.41990231442,67.51417457703135,116.29224649674423,1594.0328254562623,0
49177.2545300181,12958.913822120061,51.35240196079122,92.37544597953955,1736.4227391912957,0
84188.92461300812,22577.8243363752,19.327488880301477,85.13342365112901,1839.7894217216162,0
123822.72097378017,8482.915354086035,43.89293024848149,85.0844778630595,1913.6454370293222,0
113591.81630256999,28328.299033081203,84.0263792544103,98.19167519017529,1711.8123651846445,0
100693.51091144927,12915.689640778546,65.93289723243421,96.56964018174772,1573.5941418928114,0
139081.51366932417,21392.5684159091,27.114135201024222,106.70034929802628,949.39198731144,1
77648.617146973,13598.567593289627,33.17332343196618,102.32888873210271,1284.7798288067163,0
122178.3893658652,30321.017363907813,35.017868702432665,107.67865272725267,1458.8954322409895,0
123412.27475076911,41207.50109312439,66.01007154470676,102.50579503850314,2109.25807518719,0
18999.852485508905,28777.50218087617,92.17290033240474,96.28617740767058,1120.9653800045908,1
107985.1442175316,18369.24926750053,37.87445593074318,89.75812087489156,1593.4246201460069,0
85110.78199650804,-5782.324466901358,92.73273533141966,112.05367079052719,1662.6614634361633,1
81956.03083223183,21482.260809933647,55.999787674818414,89.28124488158727,1492.506228020346,0
139059.57165637796,12061.551188482663,36.21902131971188,99.6723076330075,1471.914915745439,0
93504.25479321397,14885.938699019101,23.261975139219267,96.00524363931243,923.1174066123614,1
175509.42666330235,7893.444064015957,56.384974461281395,111.81249627539698,1662.0599587808829,1
112090.58900315462,19234.18903975284,66.44195098978085,99.14748979099053,1649.7111367880664,0
149036.57998099198,20205.85795161613,68.95279529395533,102.93093795899613,1428.8361516701939,0
60138.92590599754,25384.467502814357,91.0909737094577,105.95914072337759,1419.7153082744858,0
93879.03497477392,11224.764323522797,73.17064275108973,112.08521336581458,1567.6999553037642,1
84204.4054521411,22387.547003569347,45.080413183364804,103.94029511682257,2091.337024157349,0
160481.75055002223,17138.06839110316,51.85966456589193,88.09389909702605,1461.211681542432,0
93000.2683699542,24553.28361256235,40.30526732192541,103.35673563885203,2023.5706833818158,1
107917.9323504396,10963.420964768264,80.97872051513248,126.09749590262085,1469.867390277711,1
95379.94219340158,7651.495603101988,54.41588312779779,102.70001964917721,1632.4720906013226,0
68883.28886716791,19998.11613186988,46.54077983429518,102.14781062704081,1756.6162357077385,0
94398.04422229361,32882.95815659248,29.452823505046585,95.60992377292746,778.7283502408133,0
80785.48477459876,16304.709521483788,42.2243709321998,97.86637246616596,1324.225215906635,0
44029.69512333581,35419.543959622824,52.75478321060193,96.22727200329734,1345.7224793414332,0
99648.28493614815,27957.07462637364,6.68688709995547,105.32243488351571,1917.46500527228,0
123143.73086633236,33106.2962907584,80.8649239333924,88.07079415385286,1551.3951002328733,0
143177.41781743523,2363.5458489538287,58.832271283171316,109.60642061405565,1802.2600174372333,1
90633.13994294681,-1360.348589704765,61.99180505773936,101.98664491199995,1337.145607703613,0
115970.96085976424,18855.65552590836,37.29617059844763,114.79837612997534,1496.0358861539332,0
97631.43651147073,24761.742246721304,53.78500566952365,102.09934942703336,1408.7298079936247,0
80345.22854294459,27408.789881146953,41.05806190541915,86.36603977012115,1248.6237100929245,1
171899.4119169742,24498.47530025272,34.198198644537456,100.64859365896929,1201.187279785081,0
110989.54095494538,28234.439582684055,68.4693985518245,87.31748470796222,1573.7142596650226,0
94069.01719944288,18993.232738690454,41.147373140587526,104.35230651178198,1449.8961571231732,0
93720.78265975558,30908.492468733108,3.7727050013065977,95.91057801612229,1308.95997702959,0
105035.38086476014,8459.993588768895,11.585118788435402,107.63021455251183,1564.474019733267,0
90591.75378393538,6368.255440907478,57.8873954158149,90.13195867181558,1475.9010029577094,0
57223.14849802059,8971.140609982107,81.96458774430403,101.91343152890386,1129.7544595617098,1
175618.87265865,18143.84918665889,13.96991643347684,113.83050013626273,1531.072484635631,0
123738.14435544389,-499.7547211997735,55.42465587031428,88.28224079475422,1331.9494236342507,0
140166.54919463943,23154.779174746505,49.48271108246975,90.31483438008932,1331.354506255712,0
160742.90142361773,16706.400930344924,49.22036360768502,102.31782130675525,2164.659629899123,0
141726.36297619372,28440.572588445684,37.52374186082713,103.50546321322163,1464.7544494452195,0
103416.05661710544,13353.70923908631,51.16509082001285,99.05050836345465,1030.560172348691,0
125946.0490985963,-6922.628586724739,21.499296332623995,99.9848149526146,1756.4200640105926,0
90852.94617132511,37215.24063724739,30.462047011762987,107.28417654182941,1479.63374237872,0
113925.46560573255,30985.684306905663,71.72238481363158,64.78958773581249,1941.7931162405553,0
142336.1665009092,26914.200989409062,20.220111575353677,100.84195184203578,1861.7043996842347,0
100274.51726792852,20896.459856299265,76.53125283933068,105.26115423030427,1334.3834613544643,0
116899.16647424962,17576.309637017748,43.07176649984152,104.95257902853673,1314.4346814616658,1
89168.7236019967,24392.86982046941,21.303044954644122,106.89482020924835,1327.1341617046912,1
95341.50874621207,16976.381087344394,62.42877494137102,102.69774099051142,1301.3912324731555,0
129037.12994243825,17122.876878614272,52.4064190268131,83.50991553396102,1527.0075750096746,0
108577.41562347245,21171.808284850566,39.54686066941686,105.4742814500808,1740.2748814920371,0
91197.86987729339,17335.274315746123,91.23673019347832,94.43455994510022,1454.8933975315667,1
110928.42754548746,4370.918543936134,60.47673615116835,98.23267391707974,1542.6529361336181,0
78665.77863146622,12978.976724722812,64.56426021618677,97.07052340801964,1494.6778287866982,0
148066.56060949588,15946.187810982328,24.675692533702147,101.9912824448039,1807.136794555166,1
73893.72170536034,13367.451705088344,33.26997449093655,89.82590482112764,1596.5819489477517,1
86167.38314218965,14685.201823059122,49.25938098548403,116.36045559025136,1022.3624319430908,0
125026.35229805009,21296.044090852814,62.57945223594727,105.99910476347912,1852.9387567810654,0
134491.33018438518,27234.411680648715,63.78532816411614,106.72186341071189,1716.1776932073703,1
143058.31797428295,18459.46435757706,41.68370250079997,84.0344143266523,1596.137988509099,0
115681.47986407485,16839.212234140552,35.9494692192329,107.9922562364463,1675.707921754366,0
110119.23964127214,10298.894010110947,47.149664781454376,100.5686627343082,885.6600375576066,0
131533.38375587616,23771.170923294787,29.93651575362234,110.8050425688209,1699.6982671951978,0
86777.99744745206,29555.191433511864,47.755709234971754,96.23091473506814,1655.9647560619478,0
116480.61345553026,1441.361288889384,27.15957470178917,96.63863534815341,692.3888567811657,0
101238.93067432391,9908.852023359637,51.951482111402086,88.51801825304484,1915.403125100075,0
79071.9704117334,29904.170249238505,58.78353281842796,87.41134660382531,1165.2262164791125,0
155109.4843203436,14166.545709492846,27.224247835962302,80.52286650854114,994.9789040286155,1
77708.46112880945,20009.380114534233,57.905022141272156,92.64964203031299,1872.982105954261,0
105290.39013333862,19862.08859028598,39.20304768732581,95.72880277490853,1407.3763979411956,0
119391.5790817143,26233.798515166054,74.00867803140355,101.4222218771007,1328.9841906428173,0
91309.93390199698,21907.613783848075,45.886413499116514,92.77991364575604,1821.5904544158147,1
94944.198640497,21777.9199391859,68.8014183937629,103.27515321779514,1503.6250776993925,1
109553.16677116966,25796.875331792893,20.77528795855905,105.89738745261093,1452.6338683965344,0
38819.300250087996,39109.07980396169,36.22018770788186,96.61795567267019,1915.6046335900378,1
78554.21030646421,18121.338019107392,28.593084338485816,92.00913662443308,784.2935269693689,0
105794.50671306477,25770.150809703035,44.382521271121824,110.03855759144028,1425.2525423136888,0
108341.84117711606,29117.35036894717,54.34535019501647,103.96699565861736,1490.3367886455424,0
123484.27747482814,6721.670919346932,62.285506469752136,90.96928039755275,2111.7098698075256,1
67104.78585552349,2476.234194711724,33.99632129389707,90.315000347815,1650.3229731896324,0
130451.34161152861,10697.02267227991,45.38338313298966,76.05434412449851,1353.398443703503,0
90643.17499751641,5074.297788509593,44.599837009171736,95.1368559610979,1097.3873884738623,0
102379.47103868808,34875.376051173625,39.78782773643589,92.26935544457943,1967.524935961097,0
67581.22976304092,6496.835253512623,77.1379508948279,121.6148484445374,1636.0805873482386,0
101399.51153747825,15890.517518403867,59.15878509429716,108.88577622356405,1335.705706575035,0
32478.077252324976,18355.791768555093,49.34307279427906,104.76379018682016,1540.8403202553793,0
86726.55760816,21881.041685773802,50.106039385823486,102.91938427537372,1334.2467832450598,0
147930.4186356942,12937.148234429227,59.95336485051041,100.29572304865276,1898.6011499379429,0
131498.8056262709,22213.66501395384,43.12867019360753,102.49097695165898,1341.116752101658,1
131418.8360453322,4403.173501978192,54.32125991731276,109.97901461577464,1490.8739925210498,0
130963.8510947768,5756.883807214024,42.129034936905605,110.07511769993746,1826.1074862974747,0
75078.29255298058,31993.25128108692,51.206979755164305,105.46289043220649,1507.7479959060922,1
63917.97379571254,23455.492731255737,49.309831940481814,109.25427674934535,800.6749832308266,0
111006.33765053237,17026.165495908535,10.81683931355326,100.01588555087241,1274.6715257140734,1
86783.45060607116,17143.504011078305,63.103194248665346,93.34713997245451,1931.3060128228258,1
82380.32497840613,34615.41671312713,52.40376674130166,94.32407986956211,1386.9660921947543,0
91962.61471211849,14823.301229198105,37.07715014684723,106.51075360935512,1801.0929223984845,0
67232.33072488813,8603.534786709746,36.72556115724065,109.19482213647878,1812.761827437958,1
88381.68410470417,4650.409285444519,34.017610169788426,89.06513834076793,1471.0790467134516,0
121585.76595171844,31981.416215411955,52.010571418223506,109.48521010495584,1402.074738757147,0
85666.09100697929,-510.64514902838346,55.405890089032766,107.79297594641204,1925.1342156214052,0
156027.5602607989,17602.094576725376,94.5999932127443,96.94273516010075,1439.5415076574384,0
75173.22482796226,19680.01352381671,34.548990626958144,111.82657664409966,1718.3452123877853,0
152961.27629049646,5804.680897325112,33.934162319089076,110.45800039077588,1521.7682370244652,0
49949.66715593237,36794.2997155106,29.156612484186986,113.23577525837723,1463.1460060378577,1
125987.21238394495,8118.838508937844,66.10282709616669,94.91228629508412,1403.8339796631476,0
97171.50529305563,33613.03197645108,22.569947719686443,87.79307991136344,1838.9509930497748,0
125824.70875406792,16724.68302314466,29.413381745539972,85.39019813525084,1227.9036800006354,0
35233.89747863972,35919.43749203137,63.62239243723671,107.94962503868692,1669.1874105833479,1
72281.71064882365,16839.73879556709,36.69028254870051,93.87593413059156,1710.2225163872715,0
84918.52735914619,-2417.584494594208,47.99895117775546,90.00217718990962,1360.4606369209994,0
73730.78465602788,21910.908243072496,16.662986607804207,98.3459379152208,1417.8378133248268,0
107614.85598327701,25023.920016155967,49.68766818627044,116.40007139679338,1581.5287769174786,0
85210.88264490571,4857.376158885356,48.59469181251631,119.99882616167882,1436.9293517708259,0
103007.85270362951,14432.441775871466,67.95537637716919,104.33779761906641,1951.9759634622615,0
116238.6030487132,14925.615646537472,44.97253796069384,111.41573374628,1491.2696832988358,0
170356.6107436088,7291.635969392881,63.49789229371816,116.34617262684145,1011.6782058496349,0
93294.88601549875,22865.93887843454,29.789993037195863,102.23996347790231,840.145919011918,0
125120.05438112878,22001.495045753905,76.29952300757436,103.16129173598735,937.7241318448226,0
131168.32875212317,35535.16004901365,88.03629332712914,124.6498106626924,1467.932718468805,0
89570.86782528518,13552.975202737543,28.009715727662183,85.61258155772838,1507.6403954138532,1
115262.5435597313,7463.963658482136,75.89137262014852,107.04924800655625,837.4067909123269,0
133483.59210246318,32639.831101408927,55.72377718994503,95.02109075990455,1864.955175943562,0
197786.318534419,34249.342899222655,12.588704185587687,98.86623814995922,1202.7826679028462,0
97078.02466431799,14035.812312451504,70.23055005720781,106.60484939423081,1238.6146933675209,0
105070.19814132409,28884.674214715567,33.10673281928602,102.9095089310159,1938.1956001225167,0
120599.67752294311,11919.533714502653,64.99587051665807,95.52828145467345,1219.5402870460778,0
98177.94794521591,20912.243742250866,63.24198614893129,100.91162345994206,1319.859183489324,0
107529.48745948056,9707.215015600976,26.635670002383954,108.15373838315257,2023.653547157392,0
148627.05096101403,36228.80552542644,64.81992087837006,86.39626794882123,1648.3134601247284,0
79379.87417489756,22897.313569969916,42.52575157330901,98.98261177105347,1420.1315844344333,1
179998.41124143102,3727.266720470714,37.09381252262443,91.514279309651,1951.0342694745195,0
97858.26895329426,11170.813237901571,102.47871402346107,100.51748436978353,1309.751603025307,1
85338.09784560256,21610.95265911802,25.80417034681655,95.97010961442315,1809.3018866027555,1
84797.04894323282,36086.99432760294,58.99028660492949,102.26305685249694,1292.6051734168227,0
89969.85476721884,8534.472467459602,27.207831075262234,102.54398501040745,1257.5665453801603,0
116501.0269732493,8782.968861750704,33.01201966630241,103.19617816748666,1563.304007450142,1
120619.95189833111,22833.550320743652,32.19884821017732,104.77083922304885,1412.6764176252598,0
113939.00364980767,23027.280515571638,18.753657459666336,104.98442359930114,2059.523200422581,1
67446.63148851585,20269.48963291965,56.475178364796726,99.86620045894807,1550.5609975417813,0
65079.86141192444,14963.082663302062,40.0017099525699,113.96945828445374,1294.4669102082594,0
68212.27615333431,24073.82454135581,54.14368381264581,113.96804611369002,1688.2662958708145,0
46742.690015284315,24814.613662944295,78.32805129615225,108.29550058952515,1526.2712475924986,0
100869.27540379413,13905.173916421703,80.09863446908872,84.43805040813837,1296.835938771608,0
90896.99217401788,29208.069740233917,72.1237061740577,115.57294128915295,1238.6540416208159,0
70690.50323447514,15084.416437536795,47.93384670594458,80.17258437840545,1534.498141127814,0
80558.71563991529,17487.216543635066,65.48800198025754,95.21867005416908,1863.182580846887,0
91835.26043084788,10471.16232814366,36.58031068421795,88.46939754532828,1597.4817890379195,0
153482.39798959906,43743.30022214767,24.60412868293637,123.20066345177239,1817.0944455338145,0
37481.965704789196,26444.796274063803,31.933928307045566,106.38700643700211,1401.5828621118417,0
85946.65031798209,19235.596565504642,83.609437399877,118.40804882880889,1475.0891581184167,0
121411.5247089764,18850.044251808034,54.81663847226062,89.81327696634787,1612.0139809477519,0
155489.08763680112,25002.014428205468,26.469660821136696,102.46355786723379,944.9949389283817,0
96866.52555394125,31421.761544249173,41.33673523231167,110.75041014044709,1612.5512235922747,0
73887.0909150881,20074.166598271753,64.88283647194027,116.36640101471134,1095.6428923821873,1
152277.34675164387,34824.81051587744,59.694133333237204,86.46681434653425,1324.4747615868139,0
79700.30989978992,-3265.0666355482463,23.1506078310348,112.13797516121308,1700.9314299732737,0
65354.56026660025,29531.540747817737,82.23796647091169,101.24786111156924,1534.39811583999,0
115096.89781908914,20527.300090562327,57.165975707674114,107.74499570598891,1841.0630181379229,0
113125.35913152421,8907.99425796826,38.870079992268046,114.72216560674005,1358.721122976487,0
67659.9638639673,8481.823466018592,69.38852511505928,102.85920532960716,1816.8405687060258,0
49148.13443151053,24527.613079165072,39.737652084947214,110.39240851530016,1791.0071546712347,0
148881.33009017713,15347.588860040909,29.41518794030834,114.08308693324945,1938.2898089003443,0
59304.73073664412,21514.81080980283,5.923213590888146,90.26015603046385,1199.9107692058788,0
121557.8347156235,15912.298426193462,52.05516393769202,116.0183447306215,1111.7644265183117,0
29395.67946522699,25213.883647014358,57.868290180815265,124.00697461756639,1357.0826639597624,0
128956.69328923484,6556.263733822156,38.328386354587195,98.96156864217329,2039.9603288637222,0
135895.4766911344,13862.942977296774,15.666744523097613,113.27199418612226,1055.9068106155212,0
122248.86927180584,27323.67662524154,25.923374121862487,99.37434889936043,1219.4206936007918,0
114806.4084755103,15223.05711214951,68.80032828735253,95.76015825969054,1645.4239388535157,0
109683.58291505568,10037.654163563413,51.63763603678898,73.49249085001937,1697.0765529135508,0
58981.467489313356,25274.965853600836,63.771214804188446,103.66169051534463,1792.119396410039,0
77681.56298246412,-1498.4456100844982,60.09015590348092,96.5062845943262,1297.5282650201257,0
137955.91485744924,24366.86907390161,59.72113714919162,101.69051069596662,1131.5083242432106,0
48318.65925665011,19375.952567756358,23.048471899245445,107.2440796678864,1453.3137410629158,1
136976.63693903634,15741.892612909087,93.4569803565393,110.14004737291471,1554.7564634345592,0
90553.48241057737,16389.967979003268,38.145386251225446,120.32279699749915,1592.476833675318,0
103329.31019788614,20389.513266261496,64.39732576959946,101.77853012682013,1271.2108927358145,0
89972.66659392035,30036.048470853093,64.04139940821393,92.16406974496037,1094.2784210454192,0
47139.351076932166,19797.917520601957,39.79614439859976,99.87907116805822,1509.2850367492847,0
85257.33243785499,34494.844134852654,37.81091932229034,101.78693027001331,1541.6837721495037,0
146445.79177303103,16168.378310960781,67.19751980305718,117.90607059278437,1978.7757438550182,0
41587.887153353455,18096.228211308455,36.33022532170977,88.12224931822699,1639.9528907836263,0
114030.24557821019,21442.86464087838,33.238006062233055,96.04213269208608,1540.2379388036557,0
133967.86215664848,21193.342108871264,25.71406902551719,106.54218409681877,1203.1912433888579,0
64161.33598688974,29343.242584916577,38.80417130012477,104.01193813402568,1482.293960504794,0
88213.57123060117,15570.210830431493,75.76728244157749,91.37112058898671,1685.4173340197501,1
93400.61900002278,22630.01985532885,73.49258457754405,118.10883980257124,1336.2733555801672,0
56884.49122349168,28821.961610930597,50.47883471299263,112.05638868434666,1298.2015759463952,0
93154.0234913314,24153.869761496466,54.079307584137496,89.17924009105975,1335.5774315308922,0
129229.53539336269,16835.991477707765,53.35061151230889,101.83947383186532,1050.601188402677,0
88857.63276236878,28340.814966464437,55.55961168066032,119.9915194487555,1087.0332713055607,0
174841.08450833568,28252.20259614441,50.425058892468215,91.71988933087624,1652.9523051087822,0
84422.63140144876,14853.360268387292,44.80907655688328,96.87737178483363,1573.893124430755,0
149139.12590533175,16484.10338143538,62.44618490435302,92.34572740199359,1433.7594432943963,0
109537.61986633534,30873.34508006258,23.537671400880477,121.67285098148143,2177.970294316665,0
61555.259840722734,30751.992750063604,58.80025793451705,86.28277222320362,1459.8561063241968,0
64746.23114534511,22151.786530858622,32.150454364679646,112.1558528963715,1148.5872114869637,1
74708.09567736289,17866.735967651395,47.670215495191734,95.46003598158649,1139.1275615337356,0
104436.80211785999,23833.48569979894,48.36417756931587,92.04359314062638,1113.1679772347916,0
112309.96347993362,17994.8296539071,63.88507338723764,82.20959240129433,1100.5836160522265,0
87079.17381312582,-33.145462276814214,71.31120712829816,84.22534854011298,2143.7023640076877,0
142950.8141166817,25354.62307911247,96.2542276416283,106.88360865346593,1584.4872806173873,0
108514.11998389124,24224.921195114803,28.614412963412867,87.58403457060967,887.4481995177708,1
141416.9380696345,24587.62200096967,85.8582711315609,96.21681399747068,1975.3924057523018,0
124448.75780995695,18376.990698050486,59.88834864603311,107.42594750485031,1599.3718334971502,0
112193.63388424437,19417.4659860084,21.633460244810564,81.96155769587776,1690.5263447366056,1
110485.50375555054,23992.97746562469,23.78583018035779,100.68098397027208,1326.0994601122752,0
98556.79545517064,23983.16973661103,32.39237666033884,91.06674640167918,1972.8270974465684,0
86761.2943544887,33441.89331521123,33.644565438827556,93.33704301978483,1374.0499065255583,0
127748.275404531,18082.705027670167,58.260000784999576,111.98107261051726,914.2029799403782,0
116889.13131869237,20625.112608679075,78.81993686345425,87.22366922303051,1198.2812892219504,0
96709.61466226561,35818.19762972077,23.3792060886301,97.11608414048371,1442.9961143168548,0
122352.75552576596,31744.352533877336,58.207348812315615,102.88632122436707,1331.6429475214484,0
174598.65104426688,25463.893076514836,41.88612441512883,110.43166874192909,2136.6140753196496,0
102726.84308230794,28661.43882726857,49.841467643172884,95.39653694872942,1612.6657713954444,0
70932.42324205267,24169.33097765138,69.45203416281585,109.17732268209157,1051.6737283990783,0
74636.72170850475,349.2559277351247,55.743761823925354,107.2906615948047,1770.2141115126472,0
98399.20183026946,20520.43289528111,65.01229899236299,102.06071575466166,1245.279550756405,1
55055.211899228954,14918.068535332906,40.90947481080448,93.93440545865771,1239.8565527442136,0
105794.20255340796,21501.880511664738,63.11050167493852,88.30526643754835,1424.2327455114084,0
104868.4603050234,13868.026084029276,39.24242749621136,102.97077695475366,1562.7517071594837,0
88038.37617639109,12620.77770446373,21.561636492622757,105.56537252363489,1713.2123560588923,1
91992.88973103641,12085.841244225692,53.58489597959761,123.47307281510867,1850.7192563880274,0
80258.6434444991,23269.041236444227,36.82346245884608,108.80647572196298,1284.5351652236814,0
133598.7781151812,33171.41035001649,44.685701398295954,106.5920314994552,1230.9946213930439,1
112498.11306599475,20198.162803301977,42.07659169163719,111.73641824068308,1186.444051685533,1
53911.22668736857,9836.486247505167,56.9122453678374,110.00329366479032,1767.78395778998,0
87666.37294230206,33156.99136596783,26.310220430630174,103.45085353449406,1298.5491562898528,0
120183.46527572277,12953.135190857794,30.961239637711437,105.58675616432109,764.9822742789949,0
104622.71831634536,22111.53184729194,44.19935160047088,113.97333797888133,1772.679421395043,1
57526.44550422653,-5215.869903236246,57.518065677294054,90.53267530072554,2156.8007785728814,0
68115.85172446596,18273.011689263294,43.35045151258571,110.63125120732005,1455.84495763305,0
64566.436773828274,19055.235278802378,23.04741770380118,93.46156420812454,2035.0887632481417,0
97212.08982155591,6336.757461322928,76.48656114291191,89.96059907606947,1713.869581142358,0
48141.8260052859,44202.188174710514,57.529363456745955,90.4563115390837,1652.4065626808556,1
114535.26051373269,17137.708655516737,51.80219937792597,76.92340597951085,1074.2843232896548,0
137246.07673909585,31083.495826120685,59.59168042971348,84.38892478442375,1150.9881208255226,0
67638.26534414275,32717.18453281522,16.53790688814074,83.92825309927724,1345.5323892021663,0
59635.168707715464,34641.26586084727,61.459157382712974,104.78051437202791,857.2651998062048,0
128477.2139454464,28086.524602644815,65.81533671201237,102.83865146012587,1093.2424106640478,0
107952.73518668413,17321.695364053812,55.05491492224363,94.30602586068349,1951.7304033820155,0
98965.30959949517,21269.101603189432,35.5553125563127,111.61597902647708,1716.3334465637856,1
103866.01972039949,21674.27166980296,81.3145492855842,95.33889192842302,1605.616080162731,0
72922.56068551423,36262.540273463754,73.20403279609984,93.34432814413509,1039.722482533341,0
115462.67168640351,37499.68962033656,76.76992976010564,107.55700878844483,1902.2860210811004,0
71425.8991795738,24589.50706248226,76.61825339421526,97.45415404972802,1664.9172486491516,0
71417.45663472789,5870.282741059013,68.50710767455868,126.86045934216565,1179.864091602957,0
86111.91226040418,23139.853865369354,38.26941982187559,112.34538266959947,1831.0136682955272,0
77105.27385635825,5325.676956939429,80.18491317211604,85.4604667185241,1259.8844559835713,0
63394.97482691784,28329.443469944843,46.96953158268308,97.59646362730997,1846.925377261678,1
101230.83626808894,23155.70961295935,66.78654352778297,91.23599390973891,1643.0532530389326,0
169864.45680744652,7880.48675032929,58.37627619710641,84.5103398214087,1572.3339074774544,0
132122.53712281652,20597.702769691292,13.613820891775802,82.7110029848054,1979.9821512227347,0
83859.35370184258,7045.474819723602,72.8989933436548,93.52232089257592,2010.424498961116,0
101373.06664067655,18338.36746782759,31.24080986488324,109.47986083211187,1423.8114068194266,0
79815.73856966634,26227.52906932128,58.931847601750725,104.232463101103,1317.1996356641807,0
71662.24071265753,23883.575557966513,72.5866261871928,88.29285012987589,1450.4119343875984,0
89808.69101602555,19949.189396204838,82.1866747921592,100.20692595699576,1649.8131540028623,0
118594.6977643304,13461.805056613155,21.14133849822081,102.31273795112905,977.6073785391873,0
56414.031752435985,32466.51614233306,24.030432318125126,96.21100364200112,1681.7044223992314,0
84969.85615833735,15466.198430007185,63.48545294503719,93.56862360982437,1392.4869553575568,1
61820.736103507305,23321.782300232335,66.69737503326945,94.83215846760906,1430.1364623927368,1
98897.17929819133,24836.997498123943,54.215125509500254,100.94710925538428,1178.8970101159816,0
89956.53691130318,16969.30289865331,40.84456083020278,108.41699004515648,1574.5436445233618,0
97419.50468447279,23680.60513079795,39.00272475208493,108.43544329112292,1004.3937486519931,0
117229.52039944856,19378.92110688803,74.63882406430704,105.59514879538581,1464.525066401746,1
76465.48004753941,19476.30817261429,28.97883628584108,91.41018410552034,1279.3450431299445,1
76046.46530307988,26297.178952405382,44.294823370765684,93.65034044344527,1054.400581827412,0
90972.59303608851,24781.51262523545,42.58130275063292,89.81543652904713,1417.433919288696,0
71433.87152294954,21447.92260297003,41.83354744572758,72.9962978876577,1163.2132518522203,0
108359.40308862129,17641.515189604273,67.97666444315152,84.82419053731914,1654.5131839868968,0
156668.04692199244,22164.48229943837,27.43980430490022,94.14665244740827,1739.0783830462265,1
112594.96215098306,23893.08991359923,50.755372337252915,101.94409954945122,1515.2995083397614,0
58585.97495624197,23700.562198015734,65.03842571650554,98.54604201512589,1557.558872973012,0
152319.5386740531,18406.52590595364,57.69615204057691,86.51778576098474,1707.8175053811074,1
75842.8669164945,26006.497376469146,42.23350000455706,92.79623664656545,1901.3727712579653,1
121070.54591359549,-3056.4142096482537,42.95974734319469,108.25541632437199,1428.0998434129224,1
104226.5892446025,22315.196686678082,59.44634220541967,100.70255262811175,1362.6035197403075,0
74702.5926387012,22911.8895764159,39.87235306141338,102.61469846022126,1404.9234435914314,0
78330.37915525252,26130.717717421954,64.19026115665946,100.73508614598074,1487.751963024438,0
64638.65837622899,-394.99967568893044,72.31794597928553,95.47846258842027,1668.471818100978,1
59905.78532265082,21337.69592618614,49.4288623458781,110.26954008842947,1228.3094709561794,1
89231.78674406992,2137.241476037896,72.73895392835712,88.49494990583251,1442.5258581766343,1
107977.67483528343,9739.384222906192,27.13643744495009,95.98410524023542,1793.7793322323478,0
136944.79169212538,27534.357237417425,41.89528048850109,89.12094474868555,2015.605732437802,1
150124.2811202434,18454.477108330768,29.874841629065834,107.84613894500733,1666.6914797646584,0
102172.52029197905,6488.373411431956,25.626190358236723,100.12216149295166,1191.2308818200866,0
31414.19082493265,18986.83305877606,52.1877339453215,113.37308574901023,1608.3591831641272,0
77921.88575562632,24381.5324463464,81.93927946511789,101.68446887247768,1401.2737337528563,0
110803.41320545429,5254.211716029291,34.75357781779184,95.98921028681535,1628.0123377053217,0
67678.83411404846,17169.203987844296,89.98518355344203,97.33868423003604,2148.9576940110596,0
25109.04468497043,30988.518741763684,40.93192464612058,103.05855546765272,946.6553247470129,0
127800.91721615373,7652.9637370734235,67.24354630145919,104.54103624237132,1496.074479986579,0
96760.71344925919,30819.104945918174,73.12849196137282,96.86320010864759,1549.0052320142368,0
142220.4608086026,36810.12870004977,59.914254283170735,101.71769130300578,1246.3422236436968,0
56172.95052872619,19067.24206184785,79.16824685424682,108.6292908387751,1449.7846846568948,1
179964.32051327475,26300.345624487014,33.1949465968211,95.5877109046736,1646.6263210776406,0
110666.41520504572,21775.619973237684,35.93984942260842,86.54349199572711,1517.5514654779786,0
84776.23346980655,9264.939670551725,61.26606578303273,106.59149007023615,1282.5993238760295,0
97982.90270337531,14703.29216473021,40.26175578463617,108.53173879885424,1713.2473847609538,0
61564.967908143626,10387.191743034504,80.29094475725284,119.69490100925796,1931.5255083414406,0
51488.89632817708,45380.73308984289,44.91131611136643,115.41726112411948,969.6476845117014,0
119696.7340747262,21633.887393967663,48.20317650037216,93.01667448241798,1486.4919030758308,1
102313.08418938715,27123.9849293807,55.463054467530036,106.25531830789649,1704.304443283828,0
74091.31565666731,11968.935111745082,18.85633697690338,91.79632088946296,1725.4973254292615,0
77287.40336066953,17735.11266371382,32.38932491602092,104.6569520439478,1044.0201082984772,0
103235.27331172161,34538.70696146891,33.456561830018245,91.27998429623585,1454.062378161052,1
108777.37734675658,16459.961159487404,29.505214779483243,110.7697458457184,1686.2616421467997,0
130739.40704464001,30391.686378633618,54.1301853177783,95.95811520101297,1463.063285436253,0
139319.73656531307,22460.57724669376,52.76127008045289,105.01216908472331,1659.8965358462383,0
116672.5205994919,-4784.082533699977,82.02480054184976,104.22846402654847,1753.3660050987478,0
142662.06944170475,23561.06392961793,66.2376813803485,110.42362755735607,1486.1243331334445,0
113012.89879193329,22043.174053083923,26.61982431104473,108.09135276417447,1569.1977534371454,0
97704.99082801872,16861.89407962939,63.695208409695496,97.33021129755329,1276.7325125718075,1
174897.07746102067,16148.704033077824,41.95730657265621,100.18079974282664,1526.2500689004962,1
103811.83145913579,26546.584340264617,10.965187337506975,104.10900155548788,1489.0614171205748,0
60955.21343149033,17844.262470423524,36.89306529963301,103.01640965965163,1465.3569539698317,0
83436.96616313884,14354.507349549294,92.39117060649129,113.01910007226898,1350.630272749866,0
75024.58127426235,9454.00195272964,52.39818152115508,115.9507264334826,1201.6569884936114,0
80130.91101960292,1159.507863975723,82.81130452161523,114.96226656741321,1821.0263432158881,1
79799.84612819253,17710.5009724201,10.803122039973793,92.10912504820254,1471.833106510501,1
81962.69158780482,18194.986608804746,36.777314153058086,106.1178847302342,1584.894505004731,0
90401.52031260403,17901.830848823753,53.897556496826354,90.21959136586827,1610.6024128759714,0
121249.8820187683,24581.375013938767,-13.490763133926691,98.64966339529118,1855.6759675791936,0
71808.88552473218,7406.767965075938,81.97386970663236,104.41554329757689,1708.895799079909,0
42237.33474496219,37264.58635568416,77.91662968013189,95.26836535433475,1708.2920016059986,1
88424.99489095519,21486.95118201637,90.06515350040797,95.29203773435319,1615.4147895759322,0
95182.29558637635,5111.7345750164095,42.54858181435033,93.0479061209476,1173.7355440597753,0
108080.58369787052,6187.367621313742,51.87859760903887,111.29142523818444,1131.5060492848193,0
88305.20609265358,23338.353621831666,40.38937514361362,94.32269450905238,1000.7528033445942,0
120214.29131420549,16889.284886644513,44.15898244980484,102.88373833817529,1176.529491833022,0
71657.13300928407,18508.488702092873,24.474530491737305,108.08202489644493,1402.3923098537373,0
143309.36342276479,17241.565852918477,35.48742835345274,95.67527165353415,1212.957231752692,0
47552.2152645267,33358.762748029985,34.952457251747035,86.92767596659962,617.3018786010787,0
91743.47321808178,1810.2824462409953,39.93252940368796,109.67223212100237,1425.0486624853233,0
103344.01946804317,18012.893812772858,63.359100394468115,103.73384505141809,1551.0759000259884,0
49980.372815668576,9992.405260860125,55.63083892824489,87.23670653077679,1848.478715748653,0
70765.12724916829,14209.20104009883,55.61616979911714,105.5494609515677,1872.3321463109173,0
70195.21189246426,33808.123721302705,50.28993059516608,102.30908688578754,1532.3444731392522,0
54646.30275232343,20337.440654254067,65.51551675077886,101.20587775890803,1532.1270314383803,1
96411.12071350722,9573.11116638655,55.100016044176115,90.06193235133685,1231.4563159051122,1
103627.52454075111,21397.143345070013,29.711639689510925,105.22482054710991,1035.6110020175827,0
31053.915321779103,30493.555704858787,66.26608201308741,109.46459657621946,1734.6041122430092,0
93381.83790750871,21606.330816614834,41.82869583769962,98.09541225722627,992.6504988100842,0
110841.26345104023,22732.54031903509,23.54607534707924,107.82448573658846,1545.3862316427235,1
69441.52564937176,17218.90058012841,60.44027589425337,98.90218921253536,1383.3141223578846,0
160437.5496534375,28797.22115363739,36.14644258555284,88.0070641341804,1881.811076201316,0
120923.03959928904,29727.300583290642,59.92388351749361,84.48385619396402,1871.1014754607831,0
110302.4958284268,-4548.8789898266405,47.15767823112064,103.52925975417577,1524.5721792747845,0
110706.1278339997,18173.213418675165,22.00165941048953,108.86579084828949,1562.9806759756502,0
38773.36569992883,-2208.207065190836,62.334878401959756,108.22679071242469,1836.8009179251487,1
114185.94816408181,15391.402321588026,40.94158770621532,99.44656599121765,1339.218659719613,0
150850.64913188253,16383.253647636415,73.18347271457424,96.68072442799935,1971.7515444587632,0
110774.07788563563,22643.764649554163,57.89552872656977,104.78996648730663,1633.1121308723423,0
100676.8106656023,39529.99758394027,75.98544820270838,115.61906863907207,1789.6847584379884,0
153214.33829810997,26151.00215288584,42.30587463386632,80.95589391721538,1619.449469076671,0
145403.52090513683,30229.163395405063,42.71710378996295,101.00326476473822,1081.4432664505127,1
134894.51716289745,26419.16765970677,34.15812483605989,103.84528755242559,1661.219760701117,0
116170.11253705347,9877.063130052986,55.60016879140616,107.38037028808193,1704.4149225153008,0
96476.07408931396,12268.447371836803,73.02429868517163,94.63101918479464,1990.3771127391735,0
90799.38152448325,15387.317357359367,72.52021800885225,108.74397610722367,1391.8865372652267,1
52318.15998328931,9458.805385081127,53.60593239368794,91.29696351093975,1381.1096162659408,0
93495.64863512719,23300.190797070096,15.821600104888176,113.67998662233057,1610.4100681466816,0
61183.28226893916,19975.75069447304,54.501629073706304,101.1183012938654,1191.2700362929936,0
127619.72681077101,21782.90045342908,81.8843740607874,107.30026880895255,1156.489033543781,1
100257.39253834102,24011.249118496504,92.30386595188072,103.9017665527273,1943.522168081975,0
108490.18334696894,26920.247335023174,44.063873065510634,75.63656165491676,1409.937049266246,0
78614.35336564634,17472.104525744835,39.73926320635166,100.92200860668626,1123.4550695969215,0
100461.53996363017,26331.320067371256,85.44351858903633,82.95276848605417,1252.0748467501535,0
138040.47095270018,12836.054646754863,67.80156161006632,108.08118147320064,1592.0902798084367,0
139128.85018458485,18736.15226708438,66.44474397584501,91.02986265273428,1422.4881431833878,0
116264.68755284902,40652.6541557646,56.13729602539691,113.47546637005918,1761.4921738601686,0
137282.3460453213,22357.52719564592,61.742413905773596,101.75587305262712,2036.6272409754501,0
105544.30985730856,19003.71385486574,56.129475720991124,93.17929073758577,1727.403895488578,0
115392.40242299104,33677.07020292716,62.401205358713256,107.12621305418334,1476.2414017609324,0
79119.00213588105,13609.864793890409,57.475354458290745,85.0708029086071,1492.8031704423677,0
62208.81369444465,27019.554669797857,60.09403482236722,73.50943451670211,865.7032645302423,0
77864.13961989072,10587.111191932625,63.37420565815068,93.0211698215345,1492.4963080806808,0
130875.51582052629,5616.384819473946,51.01387410190821,95.46079698045497,1635.3347428328186,1
97958.78297530967,19071.63430562292,58.58976836987216,97.51965765003854,1404.1762817008553,0
99549.75413195089,18578.060163711856,66.02603339979481,95.97995989159504,1677.1282546973143,0
68067.01331908231,19292.20832301752,49.18569945183928,89.58190428083901,1617.5747644088246,0
148494.37163492694,20387.211625386873,58.80303497241275,108.56061327152794,1540.5844100921918,0
92289.51364668022,11518.000014285486,57.569596805328985,93.87546101827749,1540.1147104869847,1
32773.521262759066,17431.77221541485,48.42475503633811,94.65401786803754,2085.238965151034,0
166958.67854777892,25099.429642321364,55.769274099779295,91.62519921587091,1790.213700996038,0
111670.1321599645,12400.151324701998,50.71988780084385,107.3550444429825,1431.957872473286,0
57302.72021382674,3945.4818062277245,66.6773206382492,121.45263921152043,1367.7942734012383,0
84738.1752598317,9735.272057855802,55.409675481173785,96.31093701065113,1347.455737027688,1
85888.60897861558,12783.10687652252,75.43197586311089,94.55887581720869,1291.267154882142,0
62675.269199083334,3808.19900131714,51.4879879024602,92.68474256775333,1319.1696350457128,1
49527.309627620954,18339.433241732462,30.598408707676505,96.10263895538853,1319.391239526658,0
122706.70342843716,31132.194076318854,38.13744558610482,96.85503012455307,1606.8705206869172,0
96014.23951826456,8556.125620126506,38.43593066778058,109.75109916971012,1429.058284451415,0
154475.9056984794,7854.750592301118,26.473492436378017,105.0325765504474,2001.7148453130148,0
97136.39575714672,38618.23998775588,59.83061589153862,115.40570978381334,1163.675472516769,0
82717.39050029512,13511.286745208363,42.4054601355442,95.80004954071497,1572.9032752848607,1
103069.3029396463,22877.351711032516,63.78542150284049,91.11106248181923,1150.7528409590518,0
50533.75578692081,23503.723300551384,31.254488767169388,89.71191529162832,1147.5811874763858,0
102686.35204513738,6584.716673097235,21.211948143589204,93.3722326972231,1824.1860770597082,0
111384.78875320505,26059.689791816847,37.67464078239174,108.54042044461698,1308.9508494054687,0
111700.57910313876,24455.65901636956,59.32459446694942,100.43097994120956,1703.712840060266,0
84122.98444166308,16465.579428125653,48.79745900316281,94.64722237672991,1766.1865460229546,1
81504.30852525827,43360.59413936536,62.089459711602956,96.12421585506459,1759.3128191787612,0
157511.03058624262,30809.190533003068,12.766265513731994,92.83083925580354,1742.4907568783506,0
110383.07389647486,20046.58976371618,27.538241522720398,123.61098043792033,1859.0918491225277,0
77079.90573765832,39932.03056030974,56.89096868123485,97.73625156159699,1398.1077045427874,0
120676.09436834205,16080.462104768869,37.32449948971761,88.30048222579497,1534.625849557652,0
66421.81456056808,29216.010764144907,50.639741801312844,112.20012523246568,1128.5681934093197,0
76676.9668571776,22437.34116508592,33.015883985384804,102.91195416544828,1290.0250246134165,0
60915.192360448775,25970.241785208877,43.006712049078615,97.69221905210648,1473.1880200359722,0
71549.93798859448,7603.5696852669425,25.899976314460524,101.68803998434893,1446.2710218301218,0
51416.01575404799,25132.577312540383,85.66131806000234,100.98171027227502,1060.9792519506555,0
40559.67590289755,23572.70536936918,35.48436359272711,109.81599138714986,1516.1313460090435,0
81734.45849700409,22093.653439523434,40.84899451397275,98.36384438860918,1393.1087177507231,0
119851.92921047812,16773.783774248877,74.28977367469739,103.43352108553692,1836.4084827329557,0
98778.77976713555,21479.65418669758,84.0827772399305,107.50509129060599,1740.1138991073615,0
118669.81622289392,24426.872660939807,46.44777988834255,112.5262711448314,1538.1496826770597,0
128555.26214485444,9736.879266574195,82.47149605730769,101.17292198809652,1530.9388803535392,0
111468.09118357449,13860.500591447544,49.10805580653054,107.30558532877532,1660.3819022692305,0
113299.70980340311,17734.295671197535,51.611422074334385,111.304150769167,1059.094866335617,0
70934.72779073971,15917.42224355138,42.10404497134837,104.35289264625239,1707.4767628768604,1
122112.84564257119,24544.86247031268,49.41298981035829,100.07922504981299,1090.0896570013238,0
75660.25123671719,24015.62491808412,15.516244611665094,102.6229837980207,1771.6123248802717,1
117398.57954193883,15928.289138974262,63.21987096447535,90.56412191427414,1155.7373758990445,0
150526.58227991956,16438.412424871167,62.92012153639454,117.91824860031963,1043.5962745031452,0
53455.8012667444,19519.2204934966,35.4335111392806,100.8013954243386,1594.38771171007,0
88562.07782256446,46379.7116087312,55.006149515818564,80.90964295449726,1417.6905547475112,1
53273.08592113922,11254.000964979628,68.96558594299968,94.97733420026732,1257.8658349618518,0
87972.26108742438,16704.21775930207,61.39726230563325,125.84676157226232,1183.4816820226263,1
111329.43496620849,5974.135820134965,64.06230967219274,92.71973750817342,1564.7711253363893,0
130679.63864690282,32716.750183998873,80.54872860469035,109.26049079286562,1477.153651514713,0
121929.06454921197,20627.992093711335,89.40296013234607,124.01508072627405,1708.4804794796069,0
136892.9884454487,22860.878326858357,20.37977645934708,102.67913884353251,2186.589664977273,0
75371.40922805882,22277.10503880348,49.15884486237272,91.02798036041321,1370.885011106899,1
154463.91842347104,16790.29172186055,69.90683523445773,95.42036316951453,1707.6503633033612,0
132938.72292173814,18935.087162945692,38.4895989055632,111.97002140962941,1293.2774530049032,1
101084.48109573539,25623.7959806144,73.35051595044574,87.20078144061107,1423.3898367841198,1
64017.32865864635,30832.06225624805,9.293306533272002,111.04850074571345,1343.4380087804818,0
113456.37247252502,16131.203676093413,73.41193130312121,109.19334428919593,1392.0000452451638,0
131777.8197655248,7546.047246077138,83.86654079929096,105.75269639862647,1824.8989312699377,1
91667.2059758455,1249.0032573632525,45.400138561111596,91.5401205228967,1911.6916774510796,0
76592.90126729175,18743.61355808344,58.27662163667526,102.65134819332567,1418.3031921674703,0
118511.23747740005,11554.1353354058,56.70802608714912,99.46655440724494,1399.1788905846581,1
96978.01595996472,8902.391982169771,41.89430102963992,122.03976739845533,1348.1035245609928,0
131237.62420472642,22873.121485072734,54.391928436554515,94.18282120960801,1385.8013412261553,1
114523.17088677363,37629.12389293811,72.91823105541387,105.86019140899874,1602.0200971579977,0
104171.87084058208,49314.03384893347,53.32033197768344,115.6215720282522,1138.3660198065797,0
99919.72592463494,32733.71372882332,46.97124573171699,109.8679715933616,1531.99752642117,1
116116.29304530259,25643.983852920665,45.30839211403822,102.70215542989449,1762.9620919048066,0
80771.48531064906,-2969.868498855758,69.66604612025483,96.24639529654091,1496.4000031950563,0
48345.66250506338,21693.988432374023,80.13029934618815,108.24829011229556,976.7758030501562,0
106223.33458907205,27055.80891641262,48.08390039323355,94.97669523266669,1577.4438469850988,0
116110.89813127255,31809.302453529115,85.46218529108407,101.07154934077786,1202.0794829745591,0
101519.22106273298,3393.7925186004686,59.62353241777412,105.21728450091621,1683.7445062861138,0
89382.41116856293,13608.027005557127,42.36404540249444,116.57722602756803,1473.4106060883753,0
74832.32711240827,19737.55816010847,60.56522318505333,93.14340011263378,1372.5954686359041,0
95590.73626858537,11422.976791941079,42.82539695977056,105.84346939032113,952.4361332103922,1
92525.98931622886,15059.638988496128,46.54338318391188,117.31082354313014,1315.576257225546,0
110364.15593264715,24606.653374891423,73.90268601146158,104.08226154906822,1684.1304943021362,0
116541.59820180289,24739.449048631246,14.514350319723626,99.82699787130991,1770.0703264974031,0
116124.06039829778,40049.27776416138,46.328515016892325,103.91708667212826,1779.1182719041474,1
106667.33686766676,12299.472891770149,64.87801066606528,91.61038110833657,1974.0690781889891,0
126954.69266564645,28381.30039914156,56.17473432125208,86.74919962847612,1682.6290202795562,0
50484.30447510801,19245.87925649075,18.50788877889293,102.7213917667825,1356.502831525894,0
148418.2368191139,20023.033212261744,16.43484001927952,100.06646331162376,1219.8399347656168,1
74749.11225256429,41860.3596991995,40.153855194589255,80.3610746555998,1776.5472817703203,0
112039.36200772441,10365.96611002506,62.50088249312839,94.61843897806267,1131.0519020702088,0
90190.69883590186,17053.08902061601,32.94327898033657,98.24132926531257,1474.221172044038,0
91839.87777218026,30660.026723458082,72.95026166413032,122.99389924992926,1818.7212665106124,1
43335.562052979185,17678.979022751602,38.835555942110766,116.81775608267475,1382.0048085258145,1
54761.92408532565,30984.550408198083,22.959364760946883,96.37977122155974,1218.8960687775661,1
137533.23424230784,24620.435049692504,59.09461218382086,105.33597527633522,1603.535219150341,1
81212.09131866542,35408.58584386654,73.0050453870936,98.95500264484208,1586.1958833356948,1
87539.58752316958,18792.838021276577,24.05139712322832,115.57208911435043,1111.6106885573304,0
99483.39125521044,38674.704354390546,60.177271956845715,116.50661864426374,1310.9905811411504,0
62200.417122221246,36657.300901174516,41.44366797021051,103.12128846810761,1106.6752032144673,0
61589.01519886582,37014.96135505898,51.0075947451072,107.99055591510981,1154.0320191596215,0
131493.6884065623,30524.412250745063,79.88077832477711,102.91720805063567,1467.425440015484,0
73242.91373545947,28877.733675455856,68.18953714697818,104.544108501715,1776.9060219045548,0
122433.52688029034,16632.48946859907,61.08869230981197,112.21820694687335,1417.4679478811577,0
125395.25307659271,24249.461333180538,31.661374159628032,86.83525417600137,1813.5629630573196,1
90810.87658627983,-129.63471090208623,76.91275351520073,103.58171050330618,1040.077555271781,0
110543.53474716915,37510.02908358928,27.772225410372823,95.34681664435128,1922.2666073989476,0
86525.22973428405,19708.41642087175,84.08524975052342,112.17337350518977,1017.2014958927423,1
23742.192489914203,13486.900396786676,62.85284266400133,92.69638400555999,1143.7313065568922,0
99574.2733696759,22401.327381441537,7.1908473361953895,120.67360172714297,2130.817941883757,0
114175.6528231545,26918.687691115374,73.07662235164346,99.0002537037462,1868.3888088265649,1
75743.41569127764,25465.489086906637,60.14788496437673,102.82791981204625,1344.162353889049,0
152148.38003443595,9280.150385617884,62.37276991396588,102.35792995211354,1784.1421612599847,0
127195.6327847674,23866.314918308814,43.513979618689284,93.63194057082939,1471.2378876378486,0
66174.40225577613,18024.98709903615,79.15888709601782,98.96300903200769,1484.4466579192754,0
96929.35086549183,21619.674843553872,82.37648647167299,127.16107729421235,1402.518344118675,0
83973.24706498523,17311.645346379977,41.949590894648075,95.63641591996333,1052.6447060795201,0
81098.84297891121,14673.308801330124,78.70708436513496,89.09535281565977,1420.9104916320057,0
45463.43808752712,35970.262738662845,38.11495371471318,91.54889819334355,1749.1048908375687,0
90251.85558600316,28181.346755837054,43.7215594885884,102.00177573067283,1704.871267311692,0
105907.98357589882,7707.356298623807,0.10602589206892787,98.05142531737818,1814.5801901035284,1
95912.74419381563,21457.319391260808,6.103748482815632,101.40165441527219,1791.468654999741,0
111732.24806369838,20475.852266849637,-0.10869000099812354,95.54210991124833,1306.8339251519287,1
77813.40167665777,25712.109941029783,46.27342503436024,104.40412515006432,1472.105733855873,0
111960.12801500372,14604.407798368393,27.107789214045134,110.07359205789912,1522.3579492820118,0
122807.997216624,14901.921347284551,64.83947593407714,95.05868827924274,1241.5013559626086,0
126074.3988393159,24104.48909838907,52.08360568723555,88.11680673958364,1233.606994752865,0
